CREATE SCHEMA "public";

CREATE SEQUENCE actor_id_seq START WITH 1;

CREATE SEQUENCE actor_id_seq1 START WITH 1;

CREATE SEQUENCE character_id_seq START WITH 1;

CREATE SEQUENCE dialogue_id_seq START WITH 1;

CREATE SEQUENCE film_id_seq START WITH 1;

CREATE SEQUENCE filmset_id_seq START WITH 1;

CREATE SEQUENCE planning_id_seq START WITH 1;

CREATE SEQUENCE scene_id_seq START WITH 1;

CREATE SEQUENCE filmset_unavailable_id_seq START WITH 1;

CREATE SEQUENCE holiday_id_seq START WITH 1;

CREATE SEQUENCE actor_unavailable_id_seq START WITH 1;

CREATE SEQUENCE author_id_seq START WITH 1;

CREATE TABLE author (
     id                   integer DEFAULT nextval('author_id_seq'::regclass) NOT NULL  ,
	name                varchar(100)  NOT NULL ,
     CONSTRAINT pk_author_id PRIMARY KEY ( id )
);

CREATE  TABLE film ( 
	id                   integer DEFAULT nextval('film_id_seq'::regclass) NOT NULL  ,
	title                varchar(60)  NOT NULL ,
	description          text  NOT NULL ,
	duration             time DEFAULT '01:00:00'::time without time zone NOT NULL ,
	nbr_team             integer DEFAULT 1 NOT NULL ,
	visuel               text   ,
	CONSTRAINT pk_film_id PRIMARY KEY ( id )
 );

CREATE  TABLE gender ( 
	id                   integer  NOT NULL ,
	name                 varchar(100)  NOT NULL ,
	CONSTRAINT pk_gender_id PRIMARY KEY ( id )
 );

CREATE  TABLE settings ( 
	id                   integer  NOT NULL ,
	name                 varchar(100)  NOT NULL ,
	"value"              float8  NOT NULL ,
	CONSTRAINT pk_settings_id PRIMARY KEY ( id )
 );

CREATE  TABLE status_planning ( 
	id                   integer  NOT NULL ,
	name                 varchar(50)  NOT NULL ,
	CONSTRAINT pk_status_planning_id PRIMARY KEY ( id )
 );

CREATE  TABLE type_filmset ( 
	id                   integer  NOT NULL ,
	name                 varchar(50)  NOT NULL ,
	CONSTRAINT pk_type_filmset_id PRIMARY KEY ( id )
 );

CREATE  TABLE actor ( 
	id                   integer GENERATED BY DEFAULT AS IDENTITY  NOT NULL ,
	name                 varchar(100)  NOT NULL ,
	birthdate            date  NOT NULL ,
	contact              varchar(100)  NOT NULL ,
	gender               integer  NOT NULL ,
	CONSTRAINT pk_personnage_id PRIMARY KEY ( id ),
	CONSTRAINT fk_actor_gender FOREIGN KEY ( gender ) REFERENCES gender( id )  
 );
 
 --NOUVELLE TABLE
 CREATE  TABLE actor_unavailable ( 
	id                   integer DEFAULT nextval('actor_unavailable_id_seq'::regclass) NOT NULL  ,
	date_debut            DATE NOT NULL DEFAULT current_date ,
	date_fin            DATE NOT NULL,
	observation VARCHAR(255),
	actor_id           integer  NOT NULL ,
	CONSTRAINT pk_actor_unavailable_id PRIMARY KEY ( id ),
	CONSTRAINT fk_actor_unavailable_actor FOREIGN KEY ( actor_id ) REFERENCES actor( id )  
 );


CREATE  TABLE "character" ( 
	id                   integer DEFAULT nextval('character_id_seq'::regclass) NOT NULL  ,
	name                 varchar(100)  NOT NULL ,
	description          text  NOT NULL ,
	gender               integer  NOT NULL ,
	film_id              integer  NOT NULL ,
	actor_id             integer  NOT NULL ,
	CONSTRAINT pk_p_id PRIMARY KEY ( id ),
	CONSTRAINT idx_p UNIQUE ( name ) ,
	CONSTRAINT fk_character_actor FOREIGN KEY ( actor_id ) REFERENCES actor( id )  ,
	CONSTRAINT fk_character_film FOREIGN KEY ( film_id ) REFERENCES film( id )  ,
	CONSTRAINT fk_character_gender FOREIGN KEY ( gender ) REFERENCES gender( id )  
 );

CREATE  TABLE filmset ( 
	id                   integer DEFAULT nextval('filmset_id_seq'::regclass) NOT NULL  ,
	name                 varchar(100)  NOT NULL ,
	type_id              integer  NOT NULL ,
	x                    double precision  NOT NULL ,
	y                    double precision  NOT NULL ,
	CONSTRAINT pk_filmset_id PRIMARY KEY ( id ),
	CONSTRAINT fk_filmset_type_filmset FOREIGN KEY ( type_id ) REFERENCES type_filmset( id )  
 );

CREATE  TABLE filmset_unavailable ( 
	id                   integer DEFAULT nextval('filmset_unavailable_id_seq'::regclass) NOT NULL  ,
	date_debut            DATE NOT NULL DEFAULT current_date ,
	date_fin            DATE NOT NULL,
	observation VARCHAR(255),
	filmset_id           integer  NOT NULL ,
	CONSTRAINT pk_filmset_unavailable_id PRIMARY KEY ( id ),
	CONSTRAINT fk_filmset_unavailable_filmset FOREIGN KEY ( filmset_id ) REFERENCES filmset( id )  
 );

--AJOUT COLONNE ORDRE
CREATE  TABLE scene ( 
	id                   integer DEFAULT nextval('scene_id_seq'::regclass) NOT NULL  ,
	title                varchar(100)  NOT NULL ,
	global_action        text  NOT NULL ,
	time_start           time  NOT NULL ,
	time_end             time  NOT NULL ,
	estimated_time       time  NOT NULL ,
	filmset_id           integer  NOT NULL ,
	film_id              integer  NOT NULL ,
    	preferred_shooting_time TIME,
	status INTEGER NOT NULL DEFAULT 1,
	ordre INTEGER NOT NULL,
     author_id INTEGER NOT NULL,
	CONSTRAINT pk_scenery_id PRIMARY KEY ( id ),
	CONSTRAINT fk_scene_film FOREIGN KEY ( film_id ) REFERENCES film( id )  ,
	CONSTRAINT fk_scene_filmset FOREIGN KEY ( filmset_id ) REFERENCES filmset( id )  ,
	CONSTRAINT fk_scene_status_planning FOREIGN KEY ( status ) REFERENCES status_planning( id ),
     CONSTRAINT fk_scene_author FOREIGN KEY ( author_id ) REFERENCES author(id)
 );

CREATE  TABLE dialogue ( 
	id                   integer DEFAULT nextval('dialogue_id_seq'::regclass) NOT NULL  ,
	scene_id             integer  NOT NULL ,
	character_id         integer  NOT NULL ,
	texte                text  NOT NULL ,
	"action"             text   ,
	CONSTRAINT pk_dialogue_id PRIMARY KEY ( id ),
	CONSTRAINT fk_dialogue_character FOREIGN KEY ( character_id ) REFERENCES "character"( id )  ,
	CONSTRAINT fk_dialogue_scene FOREIGN KEY ( scene_id ) REFERENCES scene( id )  
 );

CREATE  TABLE planning ( 
	id                   integer DEFAULT nextval('planning_id_seq'::regclass) NOT NULL  ,
	scene_id             integer  NOT NULL ,
	date_debut           timestamp  NOT NULL ,
	date_fin             timestamp  NOT NULL ,
	CONSTRAINT pk_planning_id PRIMARY KEY ( id ),
	CONSTRAINT fk_planning_scene FOREIGN KEY ( scene_id ) REFERENCES scene( id )
 );

CREATE TABLE holiday(
	id                   integer DEFAULT nextval('holiday_id_seq'::regclass) NOT NULL  ,
	date            DATE NOT NULL,
	name VARCHAR(255),
	CONSTRAINT pk_holiday_id PRIMARY KEY ( id )
);

--DONNEES
INSERT INTO author(id, name) VALUES (1, 'Jules Verne');
INSERT INTO author(id, name) VALUES (2, 'J.R.R. Tolkien');
INSERT INTO author(id, name) VALUES (3, 'George R.R. Martin');

INSERT INTO film( id, title, description, duration, nbr_team, visuel ) VALUES ( 1, 'Butterfly Graves', 'Comme de la tombe de papillon la relation de sungjae qui etait beaux et fragile a pris fin.Mais il est determiner a retrouver l''amour', '01:30:00',  2, '/9j/4AAQSkZJRgABAQAAAQABAAD/4gIoSUNDX1BST0ZJTEUAAQEAAAIYAAAAAAIQAABtbnRyUkdCIFhZWiAAAAAAAAAAAAAAAABhY3NwAAAAAAAAAAAAAAAAAAAAAAAAAAAAAAAAAAAAAQAA9tYAAQAAAADTLQAAAAAAAAAAAAAAAAAAAAAAAAAAAAAAAAAAAAAAAAAAAAAAAAAAAAAAAAAAAAAAAAAAAAlkZXNjAAAA8AAAAHRyWFlaAAABZAAAABRnWFlaAAABeAAAABRiWFlaAAABjAAAABRyVFJDAAABoAAAAChnVFJDAAABoAAAAChiVFJDAAABoAAAACh3dHB0AAAByAAAABRjcHJ0AAAB3AAAADxtbHVjAAAAAAAAAAEAAAAMZW5VUwAAAFgAAAAcAHMAUgBHAEIAAAAAAAAAAAAAAAAAAAAAAAAAAAAAAAAAAAAAAAAAAAAAAAAAAAAAAAAAAAAAAAAAAAAAAAAAAAAAAAAAAAAAAAAAAAAAAAAAAAAAAAAAAFhZWiAAAAAAAABvogAAOPUAAAOQWFlaIAAAAAAAAGKZAAC3hQAAGNpYWVogAAAAAAAAJKAAAA+EAAC2z3BhcmEAAAAAAAQAAAACZmYAAPKnAAANWQAAE9AAAApbAAAAAAAAAABYWVogAAAAAAAA9tYAAQAAAADTLW1sdWMAAAAAAAAAAQAAAAxlblVTAAAAIAAAABwARwBvAG8AZwBsAGUAIABJAG4AYwAuACAAMgAwADEANv/bAEMAAwICAwICAwMDAwQDAwQFCAUFBAQFCgcHBggMCgwMCwoLCw0OEhANDhEOCwsQFhARExQVFRUMDxcYFhQYEhQVFP/bAEMBAwQEBQQFCQUFCRQNCw0UFBQUFBQUFBQUFBQUFBQUFBQUFBQUFBQUFBQUFBQUFBQUFBQUFBQUFBQUFBQUFBQUFP/AABEIAuAC4AMBIgACEQEDEQH/xAAdAAEAAQUBAQEAAAAAAAAAAAAACAMEBQYHAgEJ/8QAQxAAAgEDAwMCBAMFBgUCBgMAAAIDBAUSBhMiBzJCFFIII2JyFTOCASRDkqIWMVOywtI0QWPi8BchJidERVHyVHGT/8QAGgEBAAMBAQEAAAAAAAAAAAAAAAIDBAUBBv/EACQRAQEAAgICAgIDAQEAAAAAAAACAxIiMgEEE0IRIzNSYhQx/9oADAMBAAIRAxEAPwCdAAPkn3oAAAAAAAAAAAAAAAAAAAAAAAAAAAAAAAAAAAAAAAAAAAAAAAAAAAAAAAAAAAAAAAAAAAAAAAAAAAAAAAAAAAAAAAAAAAAAAAAAAAAAAAAAAAAAAAAAAAAAAAAAAAAAAAAAAAAAAAAAAAAAAAAAAAAAAAAAAAAAAAAAAAAAAAAAAAAAAAAAAAAAAAAAAAAAAAAAAAAAAAAAAAAAAAAAAAAAAAAAAAAAAAAAAAAAAAAAAAAAAAAAAAAAAAAAAAAAAAAAAAAAAAAAAAAAAAAAAAAAAAAAAAAAAAAAAAAAAAAAAAAAAAAAAAAAAAAAAAAAAAAAAAAAAAAAAAAAAAAAAAAAAAAAAAAAAAAAAAAAAAAAAAAAAAAAAAAAAAAAAAAAAAAAAAAAAAAAAAAAAAAAAAAAAAAAAAAAAAAAAAAAAAAAAAAAAAAAAAAAAAAAAAAAAAAAAAAAAAAAAAAAAAAAAAAAAAAAAAAAAAAAAAAAAAAAAAAAAAAAAAAAAAAAAAAAAAAAAAAAAAAAAAAAAAAAAAAAAAAAAAAAAAAAAAAAAAAAAAAAAAAAAAAAAAAAAAAAAAAAAAAAAAAAAAAAAAAAAAAAAAAAAAAAAAAAAAAAAAAAAAAAAAAAAAAAAAAAAAAAAAAAAAAAAAAAAAAAAAAAAAAAAAAAAAAAAAAAAAAAAAAAAAAAAAAAAAAAAAAAAAAAAAAAAAAAAAAAAAAAAAAAAAAAAAAAAAAAAAAAAAAAAAAAAAAAAAAAAAAAAAAAAAAAAAAAAAAAAAAAAAAAAAAAAAAAAAAAAAAAAAAAAAAAAAAAAAAAAAAAAAAAAAAAAAAAAAAAAAAAAAAAAAAAAAAAAAAAAAAAAAAAAAAAAAAAAAAAAAAAAAAAAAAAAAAAAAAAAAAAAAAAAAAAAAAAAAAAAAAAAAAAAAAAAAAAAAAAAAAAAAAAAAAAAAAAAAAAAAAAAAAAAAAAAAAAAAAAAAAAAAAAAAAAAAAAAAAAAAAAAAAAAAAAAAAAAAAAAAAAAAAAAAAAAAAAAAAAAAAAAAAAAAAAAAAAAAAAAAAAAAAAAAAAAAAAAAAAAAAAAAAAAAAAAAAAAAAAAAAAAAAAAAAAAAAAAAAAAAAAAAAAAAAAAAAAAAAAAAAAAAAAAAAAAAAAAAAAAAAAAAAAAAAAAAAAAAAAAAAAAAAAAAAAAAAAAAAAAAAAAAAAAAAAAAAAAAAAAAAAAAAAAAAAAAAAAAAAAAAAAAAAAAAAAAAAAAAAAAAAAAAAAAAAAAAAAAAAAAAAAAAAAAAAAAAAPtxAAAAAAAAAAAAAAAAAAAAAAAAAAAAAAAAAAAAAAAAAAAAAAAAAAAAAAAAAAAAAAAAAAAAAAAAAAAAAAAAAAAAAAAAAAAAAAAAAAAAAAAAAAAAAAAA8wA/UYXUGsrPpenaa5V0cCr49zHJ9bfExR2uFo7HStXM3bLKvFj3VKZ2dwaVYu9lX9Ri6jVtlpZMZblArZY93kRRu3VW8aqjka41FXBDI35EDbcf3YmUtNhmu1lVaW7NFDI2TLF5N7mIea17L/iSopbjS1mOxURS5e1i48CG96uNy0LUQx0t4laokky2ImL6h6yawlkjjeapaHcyVl/8AO0lPJD4kus+ORxmu691Vm1R6O42dorezY5eRR078Sem6WOOjulVIsyrynx45e00/XWsKPqrq6z0tupWgpY2bblbizSfVie6vZn+yS1HVR1lPHURNlHIuSsVjG6bopKOy0sM+O4saq2Pj9JkjxRQAAAAAAAAAAAAAAAAAAAAAAAAAAAAAAAAAAAAAAAAAAAAAAAAAAAAAAAAAAAAAAAAAAAAAAAAAAAAAAAAAAAAAAAAAAAAAAAAAAAAAACTgvux5YgARp1l1B1BX6gkhpbhUxSRs2zTQNj2nrS/V/WkVRDDcpItnyapj5BZ8aShyXq91fXTVPNQ2uaJq5Y2aST2/T9xpeoviMvEu9DbaOPcZWVW22yU4/bdOai1XepKqqzljy3Gaft5Hu0ynjj+y4pbNqDX129ZWTfJkbk0v+06Ja+m1rtscLOrTyL5MxmrHafwmjWNmybLkxUul0htFDNVSthGq+RjqqqtV6zv1BZ/w1oaiGmg8Vlx5Kc/0/eafSF6mjaR2pZG2+3j9xrtZUXLqNqRlimb06t2q3GNToUfS+jelh3Zp/VL3S5Evxr2S/GrX6qKjvOqlW4srQtNkrZcWNm1JqC00cKwvS5QquyssfFVX28SndunK1iqsVQsXuyXuKln6c0dLi1bjWfcNpNmhyWbTdfWb2NXBHkv5TZKy/SbhpXW9t0HdI1tMdNLTrIuUk/HL9XibJ/ZC0qvClVWXtZfE1u7dJ6Ot40dQ1Nyybd5KxOcqNcneLT1itNfHTyVC+mWbyy7TeKWthradZoJFlhbkrKRx0JYZqeSO13KSODGNljqW+n/SZK19RLtoO4Q0dRTxVNKsjKzQM2Mis3HEtUVCQQLW13Gnu1vhrKdso5FyUuj1QAAAAAAAAAAAAAAAAAAAAAAAAAAAAAAAAAAAAAAAAAAAAAAAAAAAAAAAAAAAAAAAAAAAAAAAAAAAAAAAAAAAAAAAAAAAAAAAAAADyzYKF8cj0ycTT7h1V0/bbxJb56zamj7su3L2/cEtdnMetGgaizXKO/WuP93kbKobHLbb3MaLD1Qp0tbeopf3pe1ce5vd9pIq+dQbHBp2orlqIq6PHFYG8vpZSKa1FHfNVVFRWxxUdPJNyWP/ACkfM/2acfLszmm6Wu1Hco66ePap8uOK9p0bybFcVKKz0sEKrBjBTxrxUwty1vbaDjvb8njHEZq8/wBU22VlF6VqePJWkkXc/mOL9WtQtX10dngWV9tvmYr5G2WnXk15uyrFCzU7Y5Ljyy+4yl6tdpfUX4xULHBIzcYvaJ4i10LpeHT1rjyjVaio+ZM2PI2ZnzVWYpw1EcsKyK3FvIwt+vK/hdRNRyZTQtyxI9hns/qLesr4aCPcnkjVVNFXqN+HUtPHOytIzcmbiql9rKVb3pOGupZMvJlUlqNupZ1rKdZkbiy8SpJPHTqu7Iqr9xrfT+vWtsaqvNo2xx8lK2tKCattLSQZbkftI145ajPcWbc4szdrFjqKjp62z1jPGzVSx5Qt7W9xgen9+/EaFqOdvnQ+72m0VVVDT4rLIsW5xX6hO00a8mzdEdUeqpVtc9QkszR7y7UeKnWCLPTu4tpnqhsvGyxtJtrj5Zf6SUxu+rLknUAB4rAAAAAAAAAAAAAAAAAAAAAAAAAAAAAAAAAAAAAAAAAAAAAAAAAAAAAAAAAAAAAAAAAAAAAAAAAAAAAAAAAAAAAAAAAAAAAAAAel/uOC9ZOl/wC8SXqn3VhWRZGWDuO8HmbHbbc/L8glNaoX6uljrdMwtFXS0dRHHi0Ei4tM3uOc2eo9LUYuzZK3d4qdq6qUFLrnVzLaWgihy22VV9vcxcL05ssFvWH0+LKvKVV7iNXq2TTT6OiWdcvxyKKNl5LkzGcs+nrDVNHC9UtZJllxXH9JgbfY7fdmmhaZoo42bljjiv3HmjaltFYzWtnqVjbky9zFdf5SdWttopbRHt08KwR+WK9xz/VXqNTakhp6eobGFsWXIvrTq+a5VDen3WjpY2kbjllj9Rj+mNK1fcqy4Ttutl/UQ115Ui3K9P8Ag2mahUbDGPHI5nT1s1t0vWVG8zVDNtr9vcdE6gOv4G0bSLFvNic9vGnLhcqG3w06q1Ordq+X1COuyUsHa6CbUdvrKqfOWOFdzdy/0mc0TquOlttVQ1rN6eRmxbHLE2C9afm05oGaGnxWoZuTe0p6B0NT6o0XNcJ5lWohm28fJfaxPtOwwuh741FrJqeWRWjqGxVu1WOyNi/Fjg+rtNV2jb9T11OuUatlH5YnZNL3b8Zs9PVSMjM3dtt5ELn7Ff2aLsSaX1hJMzfu7SY/dkZbX1U0C0tQrP6eZeW37vE9dTLbC9DHVSrxjbuKN49PdOndHWQSM0kdUsOLe3ET/ZFfW+gme8Q3yCFqqSGnjbGLizf7iT1vl9RQwyN5Rq32kJ9ZXeopbDZ6ilk2pGyjZo27SVXRe6Neem9lqJZt+ZYcWZmL56qsst2ABJmAAAAAAAAAAAAAAAAAAAAAAAAAAAAAAAAAAAAAAAAAAAAAAAAAAAAAAAAAAAAAAAAAAAAAAAAAAAAAAAAAAAAAAAAAAAAAAAADWepF5aw6Hu1ci5NHD2/UxsxqfU6gjumj66Geo9NHjllkEpR/6drHVQ1FZxxaTGNWXkvuM1q64zWiw1E0C/Obiv0/Uc9pa+opfnW6bKnjmZZMmNk1RdlvOk46iKPdbJVkibixmqeWzW03T9LdNQSSRxQybO5k2PaynVr1pyj0hpmntqUb114rI8qpov4ftU3zoH06tty0bT106qzbjZRq31Ge1Nrrp9ZtVM1VM1dXRyLkqrksbe43Y8X9mTJn5ay5nDohun3TGuu1fSrFVV2PyJVx45drGj6Lu1nskMkaVSstRJufb9J3HrFq+x6+6YVklrqv2VPp5laSOP8AMX6sfaRctdoobls1ETK0yybbRStxX6iOXGtxXWSdqdA6jJv2mnxjWVsvJsTLaRixsNKrLjx7TXdQXKoqrDb2gj38maNvLtL6PUcNm07Txs375t8Y/axjqa11Xq2qJfxmqhstPHv1FRlkqsU7Tbazp3Srb6+nemWablucVbjxx9xnukdmo4qqHVGpa6ko6VpNyNpcdyRu3j5HQ9d1Ol+rNPs2u7UzVkPy2jk4t9v/AHGycU/Gx1l5aubagtEd7tckPk35be1jS9H6gWzXSa31rbEjM2WS4qzGWrLzeNF1k1vu1K+NO23HkvcvtNb1Jqaz6hp96BXgrl8WUza1PFrl0DU1HHcrHURyrkuJosksf9kaqjpVeJt5Wxyxb9JZ2nqStBRzW+sjknjxxjl8l+4w8N2jvcmyi7WTLtr7mGusptmrrIty0nRwrj5MrSLjixunQ3qRHpq6U+m6yRcajFVx7Y2NV1ZQVFFZ7fQ0tYtNNtquP6jqHT/4faO0TW+6VVZ6moXGoxVe5iyeqqqdsXkuXiB/lBJnAAEAAAAAAAAAAAAAAAAAAAAAAAAAAAAAAAAAAAAAAAAAAAAAAAAAAAAAAAAAAAAAAAAAAAAAAAAAAAAAAAAAAAAAAAAAAAAAAMbqa0fj1hrLfltb0bRq31GSAHAemfQWss1wrPxlsqeZWyy93iymB6kdJ71pS21ElBNJWUq5SfKXl9uJJpm5FOqizhkVlVuPHiF83WyKvRHqNqaKx3KxxTY0+OXbiy+433RXSXT2oJKisvslZ6qTjxbHL3Mc40bdJqLqJXW+eNYNzcXu+o69TyyYxxpljkeec9TTX49aanaWs6o6IzaFqKr8Ljq6y31VPItPU02TSRt4rJ9JnOhfQ+4Wu33T8Wp2ghqo/lxS8sW9x3LRPqp7OvrVy9uXtNkx5HQmJyTs4N56x/rQ51hpy8dO2kpVX91WRmXHj/KZhtDWf+wtr1RPDVT1Uy4rRRLxZiSV60lb9RrjcYVqYcssWUuP7M238PhoWp4/Sx/lx+KkPi5Jefa4o06d6S1HURY6y5M1spY8Y8sfb4xlz1B+H6o0xaaq+acuE9ZM220mXFsfcvu7jr+s6+noJqejhVlWFcY9vtMfQa3WClkp61Wlo2j22jxxI7zNa0umMlTtLQ9Ia+h1NoWsj1XQxNVW1fltUrk0y4/UcN0rpeG/XqsqJYXpqNm3FVePd4mU6jX6s1LfJLLpSlqVo6hsVy5NJ/2mJs9yrNKLNa522qxY2j2m7sv1FGX/AC24vGr1fqPTtBcGhWjklbtklyM1pezWGlWOug449sTeP1GPs9LDFR114u8m1Cy4w7mKsc7o62qqrh6WibaWobb+U3LuKJnbsvdcs92k1vqz8No6dZ1ZduORu7HLk30kqKOBaKjhp1XFY1VeP2nP+kPS+n0LaY5pY0a5SR8pPap0YsY8lAACsAAAAAAAAAAAAAAAAAAAAAAAAAAAAAAAAAAAAAAAAAAAAAAAAAAAAAAAAAAAAAAAAAAAAAAAAAAAAAAAAAAAAAAAAAAAAAAAAA//AKNZ1tr626Ip42qm3aqRsY6aJuTAnk2b7uJr9w15ZbbVenlrFab2xcsTk+oPiAasoaqhp6daOsx5M38NfqMTH0qo10fJqC/XCqpq6ZWkp4IGxaRv9pPVZ17NJ6nPS6c6pfjFFXNU09RULUYxePuViU2kdIQ3eGnuiyI0MiqyqrZEQdE6cqOoN4qqG0q8syxyNG0vLkvibt0p64XzpBUTaf1DRztTxt+WzfMj/wC0TjnbktyVXmdcfZNClpVpadYVyxUrGk6V6w6T1fTxtR3ilWZl/Ilkxb+ruNujr6do9xZlZTpTU/V8/U1tyXAKMNVHUcUkVmKitmzY9pJDVg7to+lu1VvS+3t+ow9H0+3UkWtkyjbkuJuUk8cS5PIqr9THla2nnjySZGVfLIprFj7L5zZp6td0705sOl6pqqko0WqbtlZcmU4X1+0RDPqKGanjpKOGaTekqVX5jN9TfzHYep2r66w6dmks0bS1mX+Hl/KRq1ZPqC6TSXC5UtxWnaPLd22xx+rtKrqddZa8Hitvkqml9XIqiK5LSwTRy07RrksXHL9Is9jt9hrrOtEzT1E0azM0q4ssmXb9p5qrlS1VrrGqGigaFVyinb5n04mt226R1FRHJBdJINtsVWVeWJm8Ox9U9LfLu0NPJ4tGv+UrEfdG9eprXDDT3aH1NHHHis8EfI7ZpvVFv1Xb46ygmWWNvHyUjTDU6ssADxEAAAAAAAAAAAAAAAAAAAAAAAAAAAAAAAAAAAAAAAAAAAAAAAAAAAAAAAAAAAAAAAAAAAAAAAAAAAAAAAAAAAAAAAAAAAAAAAHqnVT+lp5pmXLbVmI96ZskfW7qFItczSUsMjSN/wBONe1SQlRAtVDJC/5ci4t9pHOl0rq7pRraurrNDLLQ1Ebco48lxJy97TUy79fuiekritHlb4KTZxXFY15L/uNB67dKq68yUclBNPBa6OnWONaZm4/ccR1J1a1ledRQtW1VTFHH2rF8vHl9PkdA1t8QlRVdP6WihWWKuqGxZo25NGpbxZfiyTU1VNJ6f6hrun2oNyzU+6rNjJj87bXyy9rEpbtoCw9VLHDNfLbTvWMqs00cfJeJqvQvTVHprR1RqC4U8FDJcsZG3FxXH/cdbtNRS1tCslFIjQsvFoySnPl2raUP9a/DxCusprfp+/QesyxWhb5bKvHjxMX/AOg/Vqx/MhadceWNNWZZf1GyU+nK6s+JxqhN+WnauZmlikyxX2t7SX30+I1XZfYvHqhGtu63WTtobvLHl2rIzYt/MVI066KqrPDd9vl2yNl/SxNhscu1f5TDx6vs8t6a1rWRNXK3KNe4K/8AoqvqhvDoXrBreuhWto7hFTrirNPMyq38zEmOjfS+fp9p+anr6j1lVNJue5VOkM+H97MAov2KtTWlj7WjX+Up1ltpa+lanqKdJ6dlxaNlyX+U0fWXWmz6Iuy0dxV9vJVaVfqN2td0pbzb4ayjmWelqFyjkXyUKPO08nBes3w+0tVaaystGUEaq0k0HtVfaQvrqCS0V0kMuUWLNi3uX3H6pMiurKy5K3iQb+JbQ1PpzX1VHBDjR1UfqFX2t9JGpdf089VWtOQ09fVWuGOSnbdjbl2txNq6e9UqzTV6p6hqp4l/iLE3cczVpIMlybEuo69kVsVXJl9pB16nZ+hWg9ZUut7DHcKfJW/iRN4sbEQ/+F/X01t1dHZahmalqI9tWZu1iYHgV1Orn5J1AAeKwAAAAAAAAAAAAAAAAAAAAAAAAAAAAAAAAAAAAAAAAAAAAAAAAAAAAAAAAAAAAAAAAAAAAAAAAAAAAAAAAAAAAAAAAAAAAANB60a8h0Ro+omb/iKr5MfE35mwXJmIk9fL9Way1gtCmS0NPiq48uLNjke6rJnk9dDtB1HVLV3rKiSf0NO2VQ3jj7Tqet+mluvPU2ht9DCtNR22GPJk445cmY6v0b0RHojRVtp1VfUSRrJM36TRes13XRtt1BdGbGouEi0sMq+K48i/jMsNZayZNZaL1I1vcNb6mo9K2bKmttOyxqyrybHyy9pIjp5ZobDpmnpVqvWSfxJFbJcjg/QnppJedM3K9T5LUVi7NKzLyxMXYtaao6UamqLfXUslTCzZMrLiqr7lCy8c1wmv/GQ0zFTy/EdVNjKknqpMVkbJW932kol4kYeit3/tV1emuG20sLRySL7Vbidu6gdQV0RQtULRyV2K7jKvHiSZM81VzLcG4Lk3aQhm1V+GfEY9wWbap1uG4243HHtxOgaq+ITUVytNU1Jb5KGlkXbjaONmZpG8cjlNp6M6o1LQ1F+npXVaVlbLHKSb9JGmn18WvLInlDOs8MciMrKy5K3uPRx3ob1Ypb3bYbDXzLHcKWPbVZOLSKvj9x0as1bS0d6p7e/Fpu1iWzBUVNNZ6udJ6HqHaZmx2LlGuUc6+Rz3oXquo0bepNH3dniWTJqd6ni257SQhG/4lNKV1uvVv1Baad8pmxmkj8WULMV7z8dJIft7vH9RwP4qrGs9ttdyVf3iNmh3OOKr+o65oG+f2g0vbazF9xo8ZMl8l7jXeu1jkvnTe5LBxmhXeXFcgjhr48j8+dXWtaK4dqqrKrYq2Smuq/uOnXrTlVe9JtVQU6+otsnzuWLLC3lj5HM5EZJP/fxKn081xbBoWta3astdUjMrR1CszL3dx+i1K+7TxsuXKNT807fURwXKlkdW7lbifopo24x3bS9tqom3VaFeWWRGlGeWaABBkAAAAAAAAAAAAAAAAAAAAAAAAAAAAAAAAAAAAAAAAAAAAAAAAAAAAAAAAAAAAAAAAAAAAAAAAAAAAAAAAAAAAAAAAAAACf8AIFGsqo6KlmqJW+XGu432h60nqtrKHT9palVXaSoVssfFTiOi9KR3nqBSrU//AFFQrYq3HFfcY/WXUGO6a2hqrjVU1TTyScaRWbjGrcTOaNZYOs1LJikUck2SxrJjirLkpJoqeKXFRqO02msht9RXQQVDdsLSYscL+KqKOq/C497a7vtbI0vqdQVl+6sbcFQ0E0ky7cHa02Pt8St1snqqq12Oqrclmt8eM0cjYs3L6vIu+rnYsWuSaeuuGvNTdHtL6TtOnaj0NLJS5NOsfc33GAsHxTx6o0lcLTquggkvGy0dLWquO593tY6Lqi7W3qT0vobfUUcTblKvp5GblDNiRpoejGoKKqWoe3tPTqyr2tyE3NVrLd4xaztUty0p1VrNOUNd+HxxwTTR476+K92P6jtHR/WUeo9K3Su1kyy0MLK0a1a9zfT7i6070Dt9V05k9LRrBeKjks8/3eKmLsvQzVUttjt9xqJFWFpGjbe4r9pZMUyZcuPI0HqN1ao7pfNuKsgtFnhb5cEUfLH/AHMZrS/xe2+lr6Gy0GnZPw1mWNp5ZPmSZce3/Sc9ufwz66verJKX0renaT/jpV+WqnUdA9EdO9Jq2nuFY37L9qCnbcWVm+TTt9K+X3MR8+deVNOmPJOssr1Y6B1i1C6i0g08c0jbklErYsqt5KY3Sut71LqjT9rvywLXRzR7ckjfMZcv8x27TmsZrrNsti0bdytxY5bbbD/aDrYsy09MtLHNvLL3MzKONcpZa2mdciRhovWpZP8A05ukkUmLRqrK36lN6Ob9etQrYdA1S5LuTMsaszeOX9IcvH45ayrdJ9XR3LRrVE8jbNGq5Ss3jjl/SZDS/UbTvUGSut9HMsrKrLJFx5Kcmtm3bvhqv1dEzY1VO35S8smI0dNeqtd0qa7VlFCs9dND6eFp2/J+oOh4wTk2qW39ebE3SbVlZR26bKGuj3I2ZuWLeJw6R2lWRuJltTatvGtLh668VktZUN5S+Jid2SJWVW7u4qdrDOs8ilbCqhbt5E+uj9VD/ZOGjgmjnWnx/L9uJAOnTOojy93kSw+HW6SU9+qKd5HWGqhVo1bt/SRpHLKQwAIMIAAAAAAAAAAAAAAAAAAAAAAAAAAAAAAAAAAAAAAAAAAAAAAAAAAAAAAAAAAAAAAAAAAAAAAAAAAAAAAAAAAAAAAAAAABy/rprKnsdh/D3meKSoXLj7fadQZ8e7tIh/EBrVrpXVGEcTNk1PG2WXyycysxztTidwr2rbpJULivLiuPabxZeoN+v1+pZEmVZlxxljj5ce3E52rYM2LccjLWWokopo6qlZoqqGTcjZfHEk3VPF27Qd2vWoeqVLNWM0tRHNvSK0bccV7se1e07p1ei0/rXTbSLURNsyLG1Svi3tI42usrrpXVF0gkyWZY5KidY8WyY2S7VtKnSW4W2nmlluTSeq5dvH6hTn1G2TZ0Kh0bS6atsMcFdHUwyclaRvd3HSukqNt1Ef5kPdj4kVenvXOhttj/AAu7x1M80cmUcsbcsW8WOtad+J3S+mrTktLJvM2LbjYt/KV44/Zsvz1VYfjlJrt4nlnxVvaRnrvjas9Li0Vrkqfpik/7SnH8cNpZcv7P1Pd/jf8AnI6W8uL/AM2btqkpcHZrfNi2LYnDbxA0VZNhNk3ubixh4vjZ03Nxls9ZFlxbkvE0HU3xKade5SVVFR1lTlyWKfHi36W7TD7H7JdX0YrD2lul614ujbbJguVVNksaqbh8PtLb6r1F2SaJqiZVyVfFvIiXUdTo9R3b1VxWWKNmy+UzfLU3DpPrX+zXUi1zNcpKm373y4svFlxI4p1lb7WP5p2Tmu13pbHb5K6tmSCnhXJmZiL+pLvXddeoENLRxypbaeTb227lX3YmU1pq+s6r36ay0VPJPSx8lgXjjy7m5cinrbUtL0T0jUQ2algW8TL86plblky+K9xbTmYsWnXsx/WfqXa9Pw0uibXUM1LQwstVIq/xFXiRdul2WtqNzZTJfLLuYp/ik1xuElRX1DztNk2Usnk3l2lnDt5c8smDtYsU451UV5seW/uMhaaCStaZljdlhjZmZfH7jGzP3EKXPsPcSJ6U60ttLdtOxvVRRM1Oq4/4LLl5e5sSOsKGUtdUtPdLfI0mKrIrf1BXknaX6SK6suSgxOk69bppu31StkskKtkZYqc+gABEAAAAAAAAAAAAAAAAAAAAAAAAAAAAAAAAAAAAAAAAAAAAAAAAAAAAAAAAAAAAAAAAAAAAAAAAAAAAAAAAAAAAAAABhdYXlbDpuurHbHGPFSB/USvhqL5JHSybscfJmX3N3Envia1bHZrDS0atKs0mUyrF5Y9uRDmSVpZpJGbkzZMWy3YJ4vhXo+6Rv2KzNjjxLWTuxUvLbFNWVUNLTrI0kjeJNdSUFhs1RpzojfLlsyzx7ccMas3KOPHJsf1YnAbfqios1HVR0ap85vLlxOpaqu2qNOdHW0/W08sFDURrNk0be7LuOGwy5wquXFVxFSyYJ281SpDXyI0ioyxMzZdvI9ZySzK3KWTt7i1XFZi+jlalVlVeUnHL6SDet6qLayy7inS44lwsUcsLSSzLFH5ZF5a7vb6Clk2KVamsk45VK5Rr9q/pAsCymiXcUyHqG3mkXHuyxxLWZs6jJu5g8pazbcTdpnOm9K1015Y6NVy3qyOP9ORi5oFfJv2me6U3GS09RLDWQKjSR1keO5292PISqyTxTv6hXmz9DdEVF0oqFWrJG2afJcmkk+r6SFGtuqFZrxqqS5KjSL+W0XHE3L4purkevtVR222zZWu3rt5K35knl/UcR44rizZeXEmyepi1nanrvYrU9PlJuZYrGuTN7S3XJGLxpfUUsNHFDlJuMzSeUjeK/aobyOtqGWZUbBZO7FsVMbM/IyVVPH6GnpYo1WSPJppW/iN7f0mNVMpCAqKvEZ8VxKlOqssmXdjkp5z4gTw6B3T8R6b21WVlaFWj/T3f6johxP4XbzHWaRkpUkZtnHHd7vax2wrpy67AAPEQAAAAAAAAAAAAAAAAAAAAAAAAAAAAAAAAAAAAAAAAAAAAAAAAAAAAAAAAAAAAAAAAAAAAAAAAAAAAAAAAAAAAAHj/AKgH/wCYTRD+Ka/LX6kjhRZItltn5i8WVeTYnB+1fqOldfLlUT60kpaiSOX07N2/U3kczb8nJuTZbalsuhj6vMfNu02LRtyjtOoKOadfl7yq32mFhlwkVk+U3u9pWbce4LI7ZSd2WPcNnlTtKcHWTVunbt05qNJpXUy3GSlj2YmbiQpmtslu4vj3dplNSb10qlrnkVZMVyWPIxs1LWesWN42xmVWj45Cq2U4InCxtRkkysXS5Oq4q0rN4nSLtQdPbRpulp9yuud+/MmaDiq/SeaXVWm6DTskkVDsVlOrQxqvbNl7m+n2hf8Alz2ss1dFTtJKu1H3YZFnTutLJlt7q/UKitkqpJGnkaWRmyKavguITZS21FtnuCtWxywUvksDZMXTaZWtuEcdBVR1KyLku4yrj92Xka+omRom593cEPwvLlTtT5RuyZe5ZMjzYZ9iuhZJFWZWyXLtyMWvNuJlrDSr6xpJY99Y1ZuQTWs0UiV0jVEfLLkFZWkZsePtPVVVNWzNM3kU+wm8lcNT7S5dqt2nln8u7x9p5aVpVPK8m5yNioTUX/5lRYmi7sl4lNX5fUX10r5LjWSVDMzZceRAWqvtcl4lRWWWZmnZsWy5KvkU+1T6BJP4U7tNFcmo5WbFoWXFl+rIlAQx+HfUEdt1NQrUNIsm9t/pZSZy9vHkV052XsAA8UAAAAAAAAAAAAAAAAAAAAAAAAAAAAAAAAAAAAAAAAAAAAAAAAAAAAAAAAAAAAAAAAAAAAAAAAAAAAAAAAAAAAAAAU6jL08yo2LYtyUPX5+9YLvDqPqRfK6n/JaoZV/TxNPkfJY1WTLE2a6U9PaNVXSnuVPPLG0ky5K2LKzNxb6jWahI4qyRYmyjVsVbHEtdGeqtG2Ebcsclxx9xeRqsuK5KvHkzeJZrVRvDHHstuZZZL5KeqhWix7uS+QWOoaNtENLTtXQXSKppY1VajLHGPl9XuPPUSWlrZJrpbZI6albtpl4/+ZHKVrZKdsUkZV8l8TYLpeYaq10tPErrjyk+4M+vJhWrJJZGZu4pySs/2lw1OsUKs3cxbBoej5nyC/afQPmfLJRJlK3JuTeTH0+rivd3AXlhr47HcIax6VK5oZMtuf8ALy+0rXy+VF5rqiodUgWZmbYj4qv0qpjV4MVmSN1Vtzkq8sgLYr0cSy1EayskSsy5M3iUcgvd7iYzVw0pcKCj9UywSw5Ku7BURyY5ZY8VbJcsfaWa0UlLbaiaXKJu1Y2XuLWH8xV8WN26kUEdphs9pSq9dVU9OrVGTZYyScsV+1SFPKaKtO3p2m8csT4Zuop19HHGrco8flfUYeRWikZW4h68t/cF/uHLE9LzVsQk37pfX09rm9RKvzI2j5Y/UTut9QtVQ08ytluRrJ/SQL6bxeshrqVMVkyVspfaTc0LWLW6Ttsisz/JVeXd+ojTBl7M8ACDMAAAAAAAAAAAAAAAAAAAAAAAAAAAAAAAAAAAAAAAAAAAAAAAAAAAAAAAAAAAAAAAAAAAAAAAAAAAAAAAAAAAAAA/8y9oAGj9ROkun9eUsjVlKkVYuUkdTAvJmxx5e4hnfOl92ttRVelp5a6GPJmWJfmKq92Sn6AVDqsMjSsqx48mbxI0w9RrDpnqFJVRVEnp4ZGjaRcpFaP2k/DTiqkYZFaKTF+LLx+0qM7M2TNk3uOrdUYtL631Y1VpGneCoqGVpI/GaT3Kc3qrHWUE0kc8O00bclbxYk1SuKVbalhqs5laumXjG0faWdpp2nqMdvdZm7ePIuqPStdcaVqiBV2VbFmFPSyaerGhr6eSLJW+ll+pQLOqWPek2MtnLjkUCrWY7zNFJuq3Lkpb9wTVMvaechGiu2LNiemxWTFeQHw8n1gv1AGfxGfifD7g3cB62mRcvcXVvikXkke+2LNtquXHyYtYXVG5NxLhp5E+YjNFx2+LePawFv2cios7SzZd0n8xT/NZlUuKeDa7u4PdXUNB6SteodK3i4PWL+IUq7y0it8z6m+00GstDVSzVFPG7NG2TMxToa+ottVvUsjRSclyL6x1ULzMtQzNkuPdjxCOrD3KtjrYadUp0g2VxbHt7mLFO79JmtQUHpapmjkWVWXJWXyMPHwYEtu6Z09PWV1dDP2tT5d2PkpMzo7VUr6RjhpZGljhkaNWb2kMelc7Ra0pVVkXcjkXKVclj4tyYlt0Nlk9LeIZZFnb1G5uxdrfaRplyuoAAgyAAAAAAAAAAAAAAAAAAAAAAAAAAAAAAAAAAAAAAAAAAAAAAAAAAAAAAAAAAAAAAAAAAAAAAAAAAAAAAAAAAAAAAG4rkwOf9YteLo3Tcm1IsVVULisn+H9QSlzvr91faijms9ukZceMjK3JiNNLE1UszNll5Fa6XKoulVNNPN6lpG5St3MefUSUVLs4qrf6S10cc/iW2aLp7bYahbpPM7MvbiyrixqtdWzXm4SSNxkkbiqli0rZZZMIahoJFkRsWX6Qs11dE0bd7Ta7TVWuWPKsqGVmkZseK+JZ60vNHqbTtHSpDGtZb5mXfXkzRtyXL6TTVlmlZuP5nLJTJUr+gWSSVuTLxUI6tRZWp2CsbEzUtZUNmqxZN2qXFRo1YKNah5GpmkkVY+SsvLtD1rcKRsrZSKrL44nleBlKqw1lmu3paqH5ccm2zLyVuXLFu0z1+0rYaWoZoLw2OXKDb3G/mUDS2cdpsEkVno6dvTxz1MjcVkn/ANpiVtrSzcsuX0gWquVlikbtUulpVTt5HrNUXiElFqJUXkzZHn0uXc3EuFdn/SfQPEaYLiqqXFvomr6hY8sV8mbtVSge45WiVsGZVbiwHqqijiqGjiZmjXty8j1Q7Pqo99mWHyZe4orzbly+49Nxk4gbZ+FzXK0zVkG3lSq2Ss3Lb9xotQjPNjx5N4nRtL1ltqKiOjnaX98yhkb+Hiyrj+rI0WuoPQXSSnnkaJVkxyZe1cgqZDQr7GsLazL3SY8W7clJYdAZaiCa6UNQy8VVo41XtUirWUC0F4o6i2zNLTs0ckbNHj93+okV8OMX/wAQXabGVco8V32yZuRBVlSEABFkAAEAAAAAAAAAAAAAAAAAAAAAAAAAAAAAAAAAAAAAAAAAAAAAAAAAAAAAAAAAAAAAAAAAAAAAAAAAAAAAAAAAAAPqyIa/ERrxtV6oajikxpaP5eK+Te4l5fKiSCy100X5iwtj92J+fN8eT8YqvUSbsys2431ZE5acM7KdLE0TNI2KqviW81VJKuLsv6VPM0uUjYsxcUcHky5KSb1q31dx6hp2lb2qokbOQuJoo6eH8zKRl8QPNDWyUE24qqy/UeaqsaqkZu1faU2dn7uJ4A9GRt7zV9RTx7mOPHLtxMfGq+Zdbq08OMWW5IHlM5dJaGeSOnguUssfazNHxy9y+Rr9RFHBUNGkyzrj3L2t/Meo9ulxzZsZPzFi7sS3bu7cQTL1SzrT1Ecixrx8S6qp5lkaTbxabtbHiy/SWK5I2WJ6k3MufkvHl2/aHr18tI/+oUZO1mPp4mfCMCnTuztkVylT9v3FZQKlPL6eTLFWx7VKcjbrMzY8v0jFv/yXC07YrJxx8t3tAorE3Fm4nn5e3xy3Mj1I+63LiviUWnWJuSgXlPLiytyZo2K2uKqGvvn4lT5LDWKsmLeLY8l/mMP6rPsyxFVUTS0MatuNHH25MEKbhS1vpdP2WuxRmj3qVom9v+7kd6+HeVZbw0n8SSny4sR1060cVlrJJYWqYYZPHxyVlVv8p3j4Y6Vvx6aoaGRWal7mb6u3HEgz5OqSwAIsoAAgAAAAAAAAAAAAAAAAAAAAAAAAAAAAAAAAAAAAAAAAAAAAAAAAAAAAAAAAAAAAAAAAAAAAAAAAAAAAAAAAAACzvFK1Za6qFV5SRsv9J+fqpTxawqluSssazSZL9Sk/tQXmn09Z6y4VX5MMbM31EAddSyX7V10uCR7UdRUNJlF2qTlrwKNLQTXm4YpHirNybLipcXyWGDGjijw2eMjZdxa0N7agpWp4G5M3JW7Wb6izklaVmkfkzNkzEmt5VsGPMzt3FRlZeTLj5FrNUNuKq9oSVl5qeyvbaCSvqo4UXJu4y2qKOltrU8MEeNRjlN7Q82Y2loJqiGSoxxpVblLljyLeR1y4/p5Hpq2R6dafLGFW7SkHr5ydsmYZ4r7lPhVhpZJ5o40VmZu1QDIssi7EbY+WR5k7scu3iepJcF20kyUpAClVfklRf7jzJk0eIHmjiZ4ysqZSe77TzSxK6t5SfUGlXLlyDzZdK6pHijYtJ/SW9RUQxNinb7se4t5KhU7ciz5PJy7g9ZCGnmrZPlqqr9TF5VW6OWhVlkyaFcccVx/mPVvrFpVVsY8u1slyPM1UrLGqRsuPub/zEDzS0FPT2lahpl9ZuL8jl2492ReWejhr6eupXb5jQtt+3JeR5sNrp3aaorapYIVVuOOTSN4rj/qK2l5WS/U+H8TKPjx7lxCKxs9PHT0NQ2St28WJJfDGjfiFZ3usdPxZm5cvEjfURLlMsSqvLj7mYkt8J9F+53CoebdmaNVb2ry7SNM2TqkIACDEAAAAAAAAAAAAAAAAAAAAAAAAAAAAAAAAAAAAAAAAAAAAAAAAAAAAAAAAAAAAAAAAAAAAAAAAAAAAAAAAAAAAP29rAab1UvNttul5qevbJqz5ccS+TEc7l0vuVBaY79RWvfs7N8xVbLL6mN469PUXnW1vt6M0UcaquS+LMxI2x/g+ktI0dLPNBBRxwqrbrLy9xbjnYvJWGeL86L1YZKi7blLTssMnJuOKq3tLdbG1FXRtUYtG3JuXid86iXSx9RtUSWnTNBsNuYq9EuW83uxNFqOlrW5ayjuN2pIq6lXcamZuXEnU6tePLtLnd2rFr6ppMVWP8uNV9pj2g+YZiOKjg+Ysyzt9pY1GO82GTKQbJpntL36n05DNULDv1mXFW7fpyMPcq+a41UlVOzNJI2TFusS4t5eQkfNv/bioNXnE9NTyKqtjxZcl/mxPLHqNsF8uPaoeixcsclVvqLxmjpaePb41StybHiW7VnyWj207ssseX2lrJPGi+5gPXFDyzqi9xatVNK3FT0tKztkzAXEcu72lRXwPMarEvE+gZey2mlqpP32sioYcWbdl/wBK+TMYeqo9+u26JZZVZsV44sx6yyZWZm4rielqJIG3ImaKZeSyr3BF0SbQen9H6Zhmu7Nc71XQ5RwQScaX6m932nN7xSx08jLFky8cso+RkJNRyVTfNbOTHHtLiy2aTVF2jp4uO5iu5I3FmCvqw9GrVEOSqzKvdivaZay6XuF+qFhp6eR9xWZWVSWnT/4WLTFZI2uMn7KyRvnLG2WOX1e4U/w+6goroqpNTfhsbNjEvFfpLtKZq9vH1cDpei1V6GSor7lTWzFu6RvH7TIW2w2/TLVEdFDJcKqaPFZ2jxxX3R/cd4p/hia4SVDXS6NjJ2rHyZTlfWzpRVdLbS1RTVUtT7Z1yVlX7iHx0jOeclauN6sijtdQ0LYxVTeUEmSqv+4k98LtLDS6NmkTHKqkyyXyxIZ1ErSszO2TSNkSU+H+/VWj6Wjjqtz0dVkyrI3FWbuYqppydUogeY3V41ZO3HI9EHPAAAAAAAAAAAAAAAAAAAAAAAAAAAAAAAAAAAAAAAAAAAAAAAAAAAAAAAAAAAAAAAAAAAAAAAAAAAAAAAAAAAAAHK+tHTebU1K10tcb/iUaquUcmLYr/mI46o1HqT8Jqrfc2qWaFsV9TlkpOJeLZeRjblpy13dW9ZQxVOS8so1yYnNLJtFr4fOq9D0/W6NeIcppFXbnZfy8fac6uGqqi/XS6XBpGxkZmZm7sfpYkZrL4Ybbe6qSa21XoVk5MrLl/KcR6saNtvTuup7HS1ElTMq7lQzeTMS22XxrttLna8uWXFmyLiPFI5JMvtUoqka1Cq3apWjijlaTJmXtxVfLkuX9IbVSsoPRUqs2e9JyZfEtdrajyeNmXxYuKxVVo8O3H3ZFOqqsKfFpGZfaBbHjdVPqYo5tO3EqLB7gKbPJL28RHS+UncXC/wBwX+4DysSp2qez0eQPR9aKSBsXjZW+orQxR4xszL9KqXFZLJVLlPMrNjjj5AY4ydZX09ZQ08MVLjVLxknVuTL9vaWslKsVGtQ0i8u2IvLbStFT+uaPKHLFWXxYDHx2SSWqaNcpVXyVSYHww9MqWv0atyu9GrSbzLCrL4kfdK6wW10LUr08DU8jZNy8vFjtnQnrCunG/s/cpI1p2kyhqWbiuXiTx1rXJg9marHxSiVYaOFY04qvFVUqLlj3EddedZvxTX1DabAslTsyRrJLF25EgFq1gp4fUSKsjKuWRumtnz94qieS693Eib8X2t2u/p9P27KeOGb5yqvc33HfNfdTbfpWjkp0m366Ttig5Mv1EYYdNas1HRyXSnhlnWSRtvfXJm5e0quuLT60a1tThtr0VcK+NZIlVVVcmaXxU61oulqNTVVptMFDJLS0cOys8TfVllkbZpnQdyul2htt7ro7e38SmyyaT7V7VO8ab0lbdJW2OjtlLHBGvl5M3uMNU7N3K8s9LJRWulp523ZI41Vm+0vB93IEGQAAAAAAAAAAAAAAAAAAAAAAAAAAAAAAAAAAAAAAAAAAAAAAAAAAAAAAAAAAAAAAAAAAAAAAAAAAAAAAAAAAAAAAAB8byIQdeK9a3qNcJFaVlyx+lial4qFpbTWTN/DjZv6SA+rKpq+7VUj/ACqjcbx7ictOCWDhVn+Wi5MxlK51ttvWl2WWqkb5kvkq+0p21o6D94dWaReUf3GPqqqasqJJp5N2ZmyZvcSb1DyKG1uycu0us8FZTyq48QCoqrx7SozKi8Y/me4rLt0seSruyeXtUtgPQPJX9LJjxbJgKPeZCy2OovMkm38qnh5TTy9sYjp6eCNWn5ZL8xS4qqrdp/S08LU1PI2SxK3d9ze4PNljcqeniqsaWaSWP3Sdxa/0/aXklO1OuPl5ce0s1VcuQeril20VmlVWX2l0t3meNo6hmnhZstvLFcvExrYv2lSGJZW5MBfLVLVcm24Me3FS4hr6ynyqIttV2/zG8sTDt9SnppWePby+WrZfTkHmq8t+qrla7ktZTzNFJkrcWxN2uXXHVl3oY4XqpWjX5bNk3+41PTqWuJmmu0cs9PGrfLjbFpG8TzcJae7quwvpmyXGNV7v1BVWOaSW6Y9Pv7ZWuhv1yuks+S4yRqyt+lmO3UdLDQUsdPBGsUMfFVx8Tivwy3xUsslreaOWRV3sfb4ncF7l/wBRujq+d9mq8ZNUcax5qPr5vPUStvVSqsWXFVxJIL2HAdRJRt1co2Wnxmjqo+W53Hflbj24mLJ2b588ZAAUvQAAAAAAAAAAAAAAAAAAAAAAAAAAAAAAAAAAAAAAAAAAAAAAAAAAAAAAAAAAAAAAAAAAAAAAAAAAAAAAAAAAAAAAAGv68r4bbo+6VE7YxrHyIC3KqWsuFRIrM67jcm8ifmurW150rcKVe6SPjxIJ6kta2aukj28VybH6vcTlrwMb+a0atIv+0pyIsEjLksq+LLyMxWWSOnsNHXRTLKtRkrRK3KP7i1tNhqrtG0yQslLH+ZP2qv0/cSbJYv7i6p6WRodxO1W5GWtuja671zQ08LSwxrlIy8i1uzRuy0sCrEsfFsfII7LVnwbcl5cWXiWhlaqBbXxfalk2+6NsjGxti3bkE1ajpVZsn/LUqVVVH2xR7TNj80t2b6e76jyuUrKqqzfaBU2pJV3Ntscu7xM1T2GZYaWqlWVYW5bTLtt9LfaZTTMVVFH6Oop1ankVWxnxxjXLuy8TzqjVudyxgqPUrCqw92S4/T9IVV/l6vi0/oZKiWOSJfy4Vi7cvazGow0U1VJ8qNvq+kuGnqrlIsLMzLllybiv1G2LFb9PUNP6WqiqZpoVkkniXire1cgl1afVW6aim25Y+X0sW+O193uMlVVWFU2MiTyN5Rr2lOG1yVGU0vH7vtCbH/cemlVlVVXFSpUKuWK5Y/UUVVnZVXyAZHqNfqPUy7WS+SlPNkb6gOxdKdYR6Xu1DWS/Khkk29yJSXkcqvGsi8lZVZWIM6HtddPSzSLTq0jdqyryVfcpMrQdRUT6RtbVn/EbOLcTZhfPe7M7OI6kpf8A54Qs2X/FRs2P6SRy9qnA9VTtR9Zl7svUR5R8cV7Tvy9uKmTL2aJ6yAApegAAAAAAAAAAAAAAAAAAAAAAAAAAAAAAAAAAAAAAAAAAAAAAAAAAAAAAAAAAAAAAAAAAAAAAAAAAAAAAAAAAAAAAABz/AF50U07rqNpJYfQ1jL+fAdAKdRF6inkjyxZlxyCU0gfqTptJa7pcKeiu0E8NG2OTNiYmlvkkVvko/WfLVsttW8lJKTfDPDdrxVVVdcGghk7Vpl5HIbp0ltNk1NJb62Ss22bHd48f5ic02RkUemfVePStDcre9PHUw1kbLljyVjVY6CFpqisdpGjXJsdvLkZa9ae07bbp6GiuE7ssmKzzx/7TzWaLrqCl3IJo5aWTLlAzY/yklrWc/wASqmhgjVmbt+4yk1Ba9OVUcNZJ66o7qiKDjsr7cvJjDx0TIzLTxstQreXEtZrRclqpFlp52mVu7uD3ZeSVsNPWSMi5Rtkq76+5cf8AKZbSsWNRHVNjFDHyZsvzDAtQXCVd56ORY8eTMvFRTwV0qssULNGvjiHrPaq15VXRpqOJdijy7Vbk2LccmMDRxNVNk35eWTYqeWoK51y9HJ3f4bHqRLgkzK0MqyduPaQOry13kimbCPaj7S+jRa2ONVm2lZscpG4qxi9+aoyVafJl7sVPTJInHbdcfLHyJvNnTvwvTuiLTS1TTfjl0qF/LXjHH/3fUYenqqiqsNyaqrFgp2bKOkZssmy8TX7bfJIo2WeOSSTiy7qnqsuklVT7e2sWTZfl4kEZ8LGSshnkaasmXjjxVfE9U9flUMtGrLlxyZcmxMpp/SFVquoWnpcYpm/xeOR1jQ/wuXZ5JJrjUU1D4ri24wKrXs4/erD+E0tOzSLPNN/AiybH7jLaNs01RM0y2+epkXHGLbyOnaf0BQ6Z14q1lG1ZRw/nNL4/pJKWuzWulp4ZKCjgiVlyVljxLsePZhz+z8bm/RvSt4iZq66K1NR4/u9JKvb+k612KuOOK9vE+g2y4mXJWStqcK1o8cXVqPKOPJZo+Xlj7TvC9v8AUcJ1NSyVnWLJ4UaGGSP5jN3Md28DBl7OtPWQAFL0AAAAAAAAAAAAAAAAAAAAAAAAAAAAAAAAAAAAAAAAAAAAAAAAAAAAAAAAAAAAAAAAAAAAAAAAAAAAAAAAAAAAAAAAAAA0/qNFY6W0/iF5t6VyxtirY8lZjcDQ+tlA1x6f1yq2LRsrd2Pkvkeyl2Wen+h+kdX2dbpFG9MsjNltyLIpml+G/S7TLJv1a069sWXH/KU/hpqo5dF1FCjMzU83LJsu47A2Kr25HSmdpczJkyTWrQbL0M0ba/27yWeKeb/En5FTUnT7TNrsNwrobLSrNDDJMuMfcyqb0qcVLO7JHLbaqN+StGysv04jWVc5cm3ZG/pTrW06ovFdb62hoYmZd6ONYcceXFTr34Ha+5bfS8v+mpD+w3Saq6oengmaKNajbhZv4a5YqpMqH8tcu7EpxRNN3tZKnXVYtpm0v/8Aa6T/APxUs7houx1sdRnZ6NpJFblsqZ0F1Y5phnPk8Vs4R0e01baDqPWLW09N6eqVoVgbuVlb2ndv/SDR7/sjZLLTLizSLt+LfpYjL1eulw0R1AasikyVpFqI/Hb8eXuJTdNbi100LZ652+dUU6yN+orjXq1+xtrOSWHruhmlbjHi1HtLlljH/wBxjW+HHR7ySSLTy7zeTSZY/b7TqCufCzzMsnyZPrTilw+Hiy6fWouVBNVZQxtIqs2Xapz3oX1Nm1BrS4W2oZmaSPJeXbiSouK79DUR/wCJGy/0kFeksv4N1sjhbKLGokjbFfuKfMTNNuLJWTHWyUly0fa7vcFrqinyqFXky+RmKeJaWGONFxWNcVUqL/efDR+HNqqrsAH1f7yaPmXB700z9Zmjpajdj3oWkibxO9Ll5dxHNqCOt68LM7O0nqlxVuOKqSMVMVObl7O3PSQAFL0AAAAAAAAAAAAAAAAAAAAAAAAAAAAAAAAAAAAAAAAAAAAAAAAAAAAAAAAAAAAAAAAAAAAAAAAAAAAAAAAAAAAAAAAAAA13qJRev0XdoW//AI7N+pTYizvEHqrPXQ45ZQyfq4hKeznfwrXRtm7UMtQss2SyMqr2nfm7WUi/8M9VHFr67RoyRLJG0ex5LiSiOnj6uV7HHIFvcMnoahV7tti4LO9PjZ6xsscYZOXt4kqUz2QH0is1r6sMztizTYszR5cslJoL2KQroYo6rqY029HB8yNl5NybJeP3E1E/LX7SnE3e99X0AGlzXOOtHT6l1bZfXNM1NNQ/MZlXxN06FzrL09o6f9kmS0rNCvuxUvK6n9bR1FOyqyzRtHy+riaD8M1fHAuoratQ0+zUbmTNy5cSjXWm/asmHk7oz4Hr7TzhyPpYxvjfl8SGfoFi+IaNYqeWBmrG+VKq45e4md2nB73RUtu67Mv7aeOWSqWOoVpO5WZccl/lKcrX61dpdGXty/pPS/3nwGhk7PXieG7W+0+lKql2qWaRuOKsxE22R50m1VdOuVRMitsx1UjSNL2/TiSO8CPfReimn6jVlVOrY/Mkjy8vqJCHNydnc+sgAIIgAAAAAAAAAAAAAAAAAAAAAAAAAAAAAAAAAAAAAAAAAAAAAAAAAAAAAAAAAAAAAAAAAAAAAAAAAAAAAAAAAAAAAAAAAAHmRMo5FbtZT0A9cF6M5UHWisXeyjWSaPaij8vcxKoifp+3SUHxBNMqssK1i5cuPLxJYHRxVxc/2uwYPXE60+kbxJ2/u8i/0maV88vpNH63V/4d02vUjMq5RrHybHyX/cW31Zsc/slDnQ9omqNZKzYtDCyyNLlk0eLZY/0kzI/y1x7cSGujbbtX6NaeZmVpsslbuVf/ANiZUf5a5e0x4KdD3Z4zT6ADc5Qcs6XxTac63X6jWTKjqlZttV7eWSnUziGsK+TT/Xiw1SSMsbNG0ny+LZcSi+LZ6/LaUnwfFPpYzBwzX7TUvX7Tq/sx9PVUaq36cjuZwvqHUQ1PXbTMf7JF/dafkv1FdtGDs6IAC5kCw1BVLR2WsqMe2Fm/pL8x2ora13stZRp3TQtGv3EaWY3K+ge3WVl2qvTtFJH8tpW7vcdoI+9H9RyaU1dUadrFWWqqpMcl7VxJBHNrs7fkABBEAAAAAAAAAAAAAAAAAAAAAAAAAAAAAAAAAAAAAAAAAAAAAAAAAAAAAAAAAAAAAAAAAAAAAAAAAAAAAAAAAAAAAAAAAAAAP/zAjnqq/f2a66U+cjLC1VHlF48vIltDURzx7iNkvuUgr8T1O0HUpqhZGVWhVmZfEy2hfjAms0cdDXNu08caqrSL3YmrHWsoezg21pNaOLaaTl3Nkcr+Jqqjp+lddlg2UkfFm7lNJtfxT2+5N82neKPuaXcVVVf1GD69dSbPqvp7DHbbpHXblUuUEEisy93cTrLx6qMfr1OSdnL7HbVtdRQzSyemk3F+Urd3ImJG2cMbL5LxI36R0J/aDpna7lRxs1RDJjMrNiyx7ncp0TpLreovdZVWueRp1pe2eXyIYl/uTVS6eAfV/vNzjavhwj4gIrlS6msdwoqOSeFVykZVbiytxO7eWLYmg9aK24W7S8c1urJKNmmxbaxykVlbiUZf/Gn1+OR1rTNya6WOhqP2900K93iZTIiHo/4p6Ppvb2sd7aSsqo1+W31d2LMZyn+NzT8q4ywrE2OXHJhPnilWLkkzLULEjN+3iqrkzN4kUmuX4t8R0M0U2+q1XL9KnO+oXxhXTU8jUdAy0dC3FmjXu/UZrpDSwv1MtNUszNJI2XFuPaVW14JmZr8JXgA1uQHiR1ijZn7VXkVF4Frcqf1VvqIcsdyNly9pGlk9kfensUeqOtlwuiTK23I0i/aSOXsI79G6qjsfU6utawsskkbR5fb/APqxIhP+Rzad2gAEFYAAAAAAAAAAAAAAAAAAAAAAAAAAAAAAAAAAAAAAAAAAAAAAAAAAAAAAAAAAAAAAAAAAAAAAAAAAAAAAAAAAAAAAAAAAAbsBb3Bpkt9Q1MvzttsQIp/FMzNq6lZ2VqeSHHFfpblkRX1AscV4qFghkgjy7WYmV1U09dK+2rVV9PHOq5U8cm3y92REnqBbWterq6lxbiy/5TfhQ9qv1yws1ZWRSbbVDcuJlLC7S1DSLJybiy9phY5cI2jVVxb3csTYNLrnD+X5dxdk4yzertWSU2OiNBXQdDZGpY8qqaSSSP8Am/7TU9P6orOmV0uFY9HArVS8mn44/SvuOvdC6VqLpbY4/wBuSs0LSfzMc/6tajoZeoFHZ6ingpqdsVkqWXJlVv8AKc2a5OjWtbTSxj+KpqiPZgtK+qZsVVWZuJlKPrTqi6Wtqqns/wA5ZNvaanZsvadM0vo3StmZai10dD6ho/z1VWZjZIUjReCrEv0r2m7t9nMq4x1rq4XQ9Uuo1VXQ7thaClXlJt0rdvkVOrmvKHUfTuuj+fFNDNHyaPZZW5HdGlb3fysR56uagobtNfqWjhapqGVY2aNeKsv+ojfjWV+CpyX1RB1puPeNx8sZlXFv0mHqpY229iN4lx5ZMbp1Ats0VlttQy4qskkbK3d/5/tNDVTTi87SzZ51yPSuyMrL3EsugdZHqPV1luTSKszRqzLHHiuSriRNb+4kR8LeqKegvVvpZYd2TJoVbL8sjmlLBSaVdcae10rVFZNHTU690krGp1HV/T8ULTU8z1y7m3+7R5ZMWPVDptXdTrfHQpePwyjVlkbGNmyLHTvQe12u309Lcqp65YVVlxbbXLybE82r6q5nH+NqWtV19jnqNm3W/l25Vcm2aTN1i1RrSsmtNAqU3Fl36Rcv6joXUDSWn9G6FuFZR2uCKojhxjlk5dzGF+Guwx09DcLk8fzJG2429q93Eoy1WrXinHXKZZLpL0nm0/XNfLjlFXSLxgb+pjrQBhafPnYAARAAAAAAAAAAAAAAAAAAAAAAAAAAAAAAAAAAAAAAAAAAAAAAAAAAAAAAAAAAAAAAAAAAAAAAAAAAAAAAAAAAAAAAAAAAAHl2gBNo/WSnqJdEzNSqrTRsvc3ifnTq6vmuWoKyaoZd7cxbl7T9Kuo1LNWaJvEcHCb07bbH5p6ui2tTXBWXk02Rv9Zlz9GHZTatB06y1jKys3LtNV8zpXSO1/jNyjVYY9tWVZMZO7l3fcX5+jN61fsfoNo2lWj0raYUjxVaeNcf0nI/iW0atxoaW6QMizL8uTLHkv3HbqGLYo6eNfGNV/pNT6sUS1uj6ji3y25Y+05LqbcnKen/AESumo7Hb7lBef3dsuUTN9uJ3DRfTao0rS7bXCrrm7f3mQt+gNctVo/0azJO1LI0eS9q+1TqBumNnPz5uWrj/UBrbbqylp7pUV0W835VNUMq/wBJcWfp9p+007ejoVbcVmylbJmyX6jE/EVpeS5LZ7ojSRU9KzLUNA3zMfpU2TRdyhummaGogm349vHcX6TPk4tWHztj2Qh6xLHVU92t/wAiJqGo3llVu7xZTiOOPcdy+IbTk1r11focW25pNyPFe7I53a9B/iWgb5qSes9M1rkjjWmZeUzSMbsFcWf2o5bNPyzU3Dp/qFrHXQsvFVkxyXxb3Glxy5yKpnNOru1UK5Y/Oj/zFmXqo9atcj9PNEpUV+mbW2W/I0KszGk64umvFvDW+w23GFu2fbyy+o6N0vVX0jbWWRWbZXt8TcNyNX28sfIzTtUpXUzkrihv1Go9fT2v0upW9NQtizN4yMp2zpTpxtNaLoaf9skcu4u9kvbyMj8QFop7j07rpKio9N6fl+rI+dP1jTRdnWJslWnVcv0mfL41pux3vjbAACh6AAAAAAAAAAAAAAAAAAAAAAAAAAAAAAAAAAAAAAAAAAAAAAAAAAAAAAAAAAAAAAAAAAAAAAAAAAAAAAAAAAAAAAAAAAAAAAAAsb1B6q01kKti0kLKre1se4/NfqxS+i1dMrK3zF7se7E/TSZM4249y/zH57/EVbpKe/Q1DZKsk00cat7cjV61a0qzztjchbvOxfDmkc+otvcxkWSFlg/xORx07B8Msqtr6np+OUjRsuX0sbsv8dMeCv2S/QaL8pftMfqaJpbDcMVyk2WZf5TJFGs2/Szb7Lt4tl9uJx3T+zlPw76qttuqrtRz1DQSSMsi7645fTkSEpa2GqhWSKaOWPxaNssj8y+omt5rXeJGtNRnTwzZL7WNLh6k6kotlUvVwgXH5axVUiqv6cjp4p4ud7U8n6S9cK1X0ZNHFXQJXLIsixSSLlIvlx7jWuidRu6Xmj3N35zM3HFeR+fsOq66+XaGouN4ndoW+S08jNipNr4abzS3Gy1np2xVVjbuy+4ozy0YP49XP/iy0vNFqClvEXKGoh22x/hspFW/XmR6f8NVmlpY5NxVb3N3E+PiGoo57HQyfL/MaFlbyjbxIB6kp8K6qyaPejk28fI99ZL2q/Wwsf5qG2dP6Bbpqqz0bNitRVRx5ManD3qZyxyzRVkLQM28rZRsvi2ORtufq52Ota2dMvnxC64oLlUW+gvEtDS08m3HHHx4qZyh+MrXlrjoVSamn9P+Y0seTTfS3I4TUVTTySTP+Y3IptlkuRGcco7V2Sm1J8UUnWSlt9jrKP8ADJlZmZomyjmk8VJPdPUki0XaVlXaZYVyU/NnQsSy6mt7f9bx5M3E/TDR+4mmbXnxkanXj+kx551p08FbY2YABjWgAAAAAAAAAAAAAAAAAAAAAAAAAAAAAAAAAAAAAAAAAAAAAAAAAAAAAAAAAAAAAAAAAAAAAAAAAAAAAAAAAAAAAAAAAAAAAAAC45KxAP4jLotVeq6NJN2OOsbHLuUn55n5x9aqrLW2oKdlxVqyTH+YvwfyPK/jpzPxyOqfDnXrYeqVpqJ6dp45JNnFe7JmU5nRxLPIys2PHyN+6b1/4Hryy3SWbGGOuhkkZfFdw35a4sXrRtWz9Iv1ZGl9XtQLpzQN2qNxopJI9mNl9zG6ZKy5L2scX+J647WmbfQqsmVRNuZK3tOVLoT42pCHVm5R1jU7eXLI1uonaXby8eKmUvlVNVXCZajuWRlX6Sxo7dVXKaOOCNmZm5ceKnXnjLmZfNZMnFa0vCoVlxVlYm98IM8b2WoXJt5lyZfpyIhrpKankaFlZpF7tvtJwfDTpKazaZp6qePaZqdVZceWX1GPPU02YIrHPJ0TqNpKj1fp2alrKeOWPkys3cv1L9R+dPVjTn9nNaXSl3EnjWbFWVT9ML5RLcbPWUrLlvRsuPu4n549TFp4tVXDDKXbZocm8mXuYrwVrSWSPklyuHvUzllr1oKhZuaNyXj3Nkph1/ObFsi+oWb1kbK31KdLy5U9tXn0E23uNGyx+5inJjuKqNxx9pnLxqBqqz0drp6VYI4cpJJW5STSN7vpMba7RVXesjpaWNmkZvFe0fn7PdfrLoHQPTk106jWv5MvyVy4rjjlxU/Rang9LDHCviq/5SNvwy9N6i21S3Sthkikhjxy7Vb+YkscvLe1Opjj451AAUpgAAAAAAAAAAAAAAAAAAAAAAAAAAAAAAAAAAAAAAAAAAAAAAAAAAAAAAAAAAAAAAAAAAAAAAAAAAAAAAAAAAAAAAAAAAAAAAABAfrho2av6gauji21qqWq3lj8pFYnwcz6tdFKfqK0dyoKr8Mv1OuKz4tjIvtkx/zE8da1slrNcafnXWQSUrYvG0Una3LyLqx1Ui3CFVZsWbH7jvWrOhWqKWZoa/T/AOKzbm56mhbHc/8APtNXoejF6tupKeZdK3poVkVtjZZm+nlidD5cdSyTgyY641xTS6S6qXVuh6GoZmWqp1WnqFbuWRV/8YwfXrRDar03DVU8bS1lDJuKq+SlPonpy8WuS7V1xts9ojqmVY6Gebc/UdS931HN21betPzV1lZpK+4NVJSrFWfxolVuTfaVtH1FZaLktHFCzR1C8vk+76ie2puk+mdWyblbbY95e2WDiYnTvQfS+n6z1H7KeWrZVxjWpkyVf0mn5+KvTHtvLRehfRihe2teLzR7u5xhgqf8x3qnp46KGOGCNYo4+Kqq44nqOJYo1jRVVV7VXxPRmqkqrbs03q5rJtEaHrq6BcqyRfT06/8AUby/lyb9J+eesp4YqySFJN2ZvmSS/U3iTI+K6Kql0/aWpVlZoahpMV7WIV12maiKqZpclyb2tkacWvakamvj4tfjTCTjzkbtX3G7aN0RctTSLS0FDPWVki7ixxryx9x1To/8MlRrLbrK+Z7fRq3L5bbn9XaS+0ToOy6AtMdvs1LtR48pGbKSRvqYtvPt1Z8WCY/kRH0r8HmqNQ1m5dqimtFL7W5SfykitB/DxpHQa7kNL6yq45Tzt3HUMwvDyYy1lqlvjHM1tKnTwR0saxxKsUariqqVACpMAAAAAAAAAAAAAAAAAAAAAAAAAAAAAAAAAAAAAAAAAAAAAAAAAAAAAAAAAAAAAAAAAAAAAAAAAAAAAAAAAAAAAAAAAAAAAAAAAAANzXFuS/UAA7+7kAAHH2qAAAAAAAC1uFrpbpT7NZTx1MftkXIsaPRtjoPyrXRryy/JUzACYqqiqqrxXt+kABAAAAAAAAAAAAAAAAAAAAAAAAAAAAAAAAAAAAAAAAAAAAAAAAAAAAAAAAAAAAAAAAAAAAAAAAAAAAAAAAAAAAAAAAAAAAAAAAAAAAAAAAAAAAAAAAAAAAAAAAAAAAAAAAAAAAAAAAAAAAAAAAAAAAAAAAAAAAAAAAAAAAAAAAAAAAAAAAAAAAAAAAAAAAAAAAAAAAAAAAAAAAAAAAAAAAAAAAAAAAAAAAAAAAAAAAAAAAAAAAAAAAAAAAAAAAAAAAAAAAAAAAAAAAAAAAAAAAAAAAAAAAAAAAAAAAAAAAAAAH//2Q==' ); 
INSERT INTO film( id, title, description, duration, nbr_team, visuel ) VALUES ( 2, 'Etudiant de ITU', 'La vie quotidien des etudiant de ITU', '02:00:00', 2, '/9j/2wBDAAYEBQYFBAYGBQYHBwYIChAKCgkJChQODwwQFxQYGBcUFhYaHSUfGhsjHBYWICwgIyYnKSopGR8tMC0oMCUoKSj/2wBDAQcHBwoIChMKChMoGhYaKCgoKCgoKCgoKCgoKCgoKCgoKCgoKCgoKCgoKCgoKCgoKCgoKCgoKCgoKCgoKCgoKCj/wAARCAGkAnYDASIAAhEBAxEB/8QAHAAAAgIDAQEAAAAAAAAAAAAABQYEBwIDCAAB/8QAUhAAAQMDAwEFAwkFAgsHAwQDAQIDBAAFEQYSITEHEyJBURRhcRUjMkJSgZGhsSQzYnLBFtEIJSY0Q1NjgpKy4TU2RFZkc6JUdPAXg8LxhZOj/8QAGwEAAgMBAQEAAAAAAAAAAAAAAwQBAgUABgf/xAA9EQACAgEDAgQDBQYGAAcBAAAAAQIRAwQhMRJBIjJRcQUTYSMzgbHBQlJyodHwFCQ0YpGyJUNEU6LC4fH/2gAMAwEAAhEDEQA/ALHZV4RX0K+drTHzsFeWva8K5AI+ZDFbTwKGa5KfkR/P2TU61qyBQ3XYzZXv5TRe4fItzm2K7tlv+m4/rXQfZ45vsTfwrnT6Mx8D7RroLswXu0+jPpV9VygGJbjYTlp34UIuSwqyP0TByl0e40HmgfI0gCgYXui+t2T9gLotfzhH8VWfG/diqo0Qf2pQ/iq14v0BTOp5QloOH7kS/PdxbH3Ou1Oa59l9qseLLeaWyvKFlJwmr/1IAq0SAfsmuPb5b3flqWGmwpJcJBz76rhxqfLodlGbfhVliN9sMYdI7h/3a8vtbemn2a3RFl5XTIxiqnkNLivJDzYSDTFpdLSbzHUEjCvOnIaFSTalwLZMsscumUaHK3vypM1L89OZC+p9KdLKcFPxpYluJRPaLfHOKZbXkBJ9TWhjgoRcV9Dz3xCV5YSf1HRx3L8Q58qoHtES0vV83cshWRV5uqIMM5rnntLdKdbTBn0rA0UYS1GSM1aPYZU3hg16B3TOj499tb62ZKkykAkA9Dikd/exIcaX9JCik/EVZ/Y8+FKcQk+LarI+6qsvzwTfrgnPR9f60TWYY45+FC2KTdpm9typ8VzB9QeCPWgbLw45olFcGRzSi2LtE1xgsqDjfLZ/KpUSU7DeS+yeR1HqK2wyladquUngitb8cxV85U2r6JrV0uo6l0y5LLxqmPWnbypbjciKshWfG3mrw01dE3GEkg5UBXLMN5bT6Q0cKyCk/wBK6X0BAchWBlclO2Q8O8UPTPlXa1x6F6gMeNwm/QJ6jtbd1trrK0hStpxnz91c+3Kzm3z3GVpIAPGfSulgciq/7StOCVHVMjJw4OuPI/8AWs6D3obT6XYm6Qs+nbg2tu4WYy52Src2gEqT7802NaW083ju9MyB/wDtoH9aqaLc3oj60IdcjvAlG9BwpNI911jrO3z3o69QzsJPhVv6p8jRvmyj3Z2XCuUtjpcacsg6aZe+9KP76y/s/Z//ACw9+CP765ba7S9VtJKXL1McOepcNbV9pmqE4zdZPPo4aKsqa3n+Yq4NPaP5HT/9nrN/5Ye/Bv8Avr4dPWXHOl3v+Fv++uXV9puqVIIF2mJPqHDxUdntH1ahwKVf7gsfZU5xUPLTSUn/AD/qcsbq3H8jqr+ztlA/7rPfg3/fX3+z1m/8rPfg3/fXLo7TtUdflaZ//sNSE9qmq1ZAu0kHHmurfMj/AO5/2K9Ev3fyOmDp6ykc6Wf/AOFv++vn9nbJ/wCVn/8Ahb/vrltztL1g5kK1DP2nyC8VlG1xrWUoCLfLs6fRKyaF89+r/n/UJ8pei/l/Q6kGnbMBxpZ78G/76+/2es2f+6z34N/31QVuu3aPMSAiRPGB9Jx0pz+Nbbvdtf2m3LlzZ8lDaOpD+aP1L99//IF0v938i+P7PWbH/dZ78G/76+HTtlPXSz+f5W/765j/ALd62mI/ZLlceDyptZNYxdc62S6pHyrcn3McoKzkVT5virqdeu/9S3Squl/L+h06dOWX/wArP/g3/fXv7O2XJJ0s9+Df99c1L13rZvG+XcE56ZWrmvjvaVrBpvu/lWW2v1KuR+NWeRL9v/sQov8Ad/I6XGnrKM40s9+Df99ff7PWb/yu9+Df99c12zXerZaiuTqOXxwElX91TV6u1clR/wAcySnyIdPNFxYsuWPUm/5/1BTywhKnX8v6HQbtjsbTSnHdMOoQkZUo93gfnS8JlmAU5aYqWox6J45PrxVItvX+/wA9tq4Xaa824oJLZfUEgH3Z5q2LFb2y81GZG2OyAMHoAB1P4UvqY5MdQne/qaPw/oanmXEV/MO2iKXH2UKGAjMhf8x4SP1P3Cste3tOndMSpaVASFjumB6rPT8OT91GrJHIjF9SSFPq34I6J6JH4fmTVFdsF++XNRGHHWTCgEtpIPCnPrK/p91Ak6QJLqdsSEbnSVKJUrOSSeTTvoSwG53FojhtJ3LPkAKSYwU2rxAkeoq5tAPQU2Vvatbbawe/KOu4dE599Ui/Us16E7VUO2SGGZ0yPzGKkoKuEpQkDqPOqevM5VxnOPkbUnhCfsp8hTX2n6gfXJRaS4rDICnUnyJ6J+4Y++kAvCplJsmqM19KiOjFZrfHrUZ13NUOs1uGorhrJ1yoy1VBx5Sq1KNfSawJrjj1PvZzolOpkOPvLIbSraEp86QQMniukf8ABvgBdiedUM5cNVndbHXQpXLTLlgvFuaLRS0p9KUn15rpyDbYi7cwFsoV4AeR7qrrtQsi5LlumhwJRGeSrb681aNv/wAwY/kH6UTiCRRbyNbiQhnakYSOAK3RPoCo8lXzZrdDPgFWa8IO/tSSrpWpf7s1tX9GtLn7o0u/OHfBFyela1N8FWM19IIRmta3Flrw10ntuLP6kZk5kkdBXpykAYT1rGEAp5eTzW55tpIO80FJygBVuIrukrvDQHlTU47sQkedLiykXtHd0ekdU0LB4VL3BYduojTTkA1saTloGtUzomtqMhoVaPmZb9oEXc4Sa16czlRrO6EnIxWywNkIJpOG+ewEd8hncye8GK9WNzOHBXqDmfjYSXJoYR4BWp9BLyaJIZ2pxUd5vDoNegSH1yE7WMAVC1snNme/lNT7cMYqLrAf4of/AJTRe4fJycsOg/KD4/iNX72VrzYEj3VRD+PlWQOnjNXp2T4NlA91E1XYBj5HBjlToPoaFSx/iqUB6Gi7Aw+seWDQuWB8nyx7jS2DlBNdx+Aq6GKjOcHoqrci/uxVQ6Ec23J4H7VW9G/dim9T2EdEqT9zG4MJfjLQv6Khg0kK0balOqWplOSck7afXuW1UHI8RoEGPOTXAsu6HsrqFFcZCjg8lIqlJ9sat2sXWow2tJVwn0rpUpw2fhXOmpXduv3ke8Vp/DpJTkn6CuquSTJrxHygznoVU5xvClGKRZq0pnsgnGVCnyP+5QQc9K0X5med163iw1JUpbUTHkqufu1VJb1rI3dSkGuhO8BhRyeoXVBdsoxrRRH1m/615vTR6dXNnsJSvTY/YP8AYs6flhTSeStJA/Cot57H9TTLxNksdwG3XVLSCecE1r7GnSjVMYDoT/Suk1KX8oN7c7CDmnddG5L2FsW1nLV87LdUWWC7McaQ8y0ncrYeQKR2LmpBruC/th3T9wRjO5hQ/KuRIWi3JDyitYSCo1nUGbQPh6g7sjIo/C1NCfSGZYOxXGcdPfTFZezq3naZO5z3ZqxNOaHskZxst29lSh5qTmrRTTtA7V7CZoqxoe1JF9uWgW9JDocVwFjqBXQbV3t4SAJLeAMAA1WWoIMN6XJhKaShLavmykYKDjyqv5KZFtmFmStWByDuOCKPhT1bqTpocy4+mpHSQvMAkgSEkjrihd21LBabU04y882sYJSjiqast3IeGT4fjVqadujMkJbewUn18qNl0LxrqTsSeV3RUuuLUA4bnDQvuicLBTjI9aQNSwEXO2qfQnMqONw/jT5j+tdbXexRbjb1sFCeRlPpn+41znquyPadvDjCkkMkktk+npSe0uBmEvD0SKPUeTgjFSGVs5G7FEtTWkRZ5dZ4jvKykfZPmK3xdMlwJUXyPPpUUUpAd1TJJxgfdUY4+1mmwaP3c+0nn+GtrWiQo8yV4+Fd0v0I8InZ/i/KvqSEqBUePhTynQjWMqkuY+ArZF0TEnNrLUpZUnw8VdYpNN1wQ5RToSQ4ySM/pT12UbBqBwjG3ZgClPUNgkWV0B3xtH6KxTD2YvdzekuAZykiogtyWlTLzcfSygKIyfSlnXy5Ny01JjRoxddXgBKBk0VWS5hXXArdBWTNYRx4lAGmZK0LJ0yhBpfUe0BEGakeiQRWQ0zqJJ+bgzUqxgkA5/GuoVRB5CsBF6nFD+V9QnUuKOZGdKajKgVwpp+J/wCtCblEkRJ5jy0LQ6nqlXWurX2CltRCckDpXPmv47rutpHg2KKUkpJqksdIvGd7CpDbUYzmBzuonEbc2BO9X415mC8xHcC0pOV9UqBonDjknBBHFD8UXtsW8LQc7P7ep26uS3CSmOjw5P1lcfpmrosGnLlLtr6o0iNHafbIJU0pTgzxwQoAfhSloeyFMeDGCMOyD3jh9x/uFX5boyIsRDaAAAKmSafUw/zV8pYo+7EuBpC5BAbdu+1ITjchk7vxKjQCV2UWZp1W5aVnP+p/61bLyw02VGlidObLuCsA5q+OLyPcVk1ErK46S05a5KmXmErUkA57sDNMOltJwFNtyIbfs7e8OYCQQVDocedC1JXqHUTraCCwHMEj0FWZCbRGjpabACUjAApvV4MWCEYpeJgcGWeSTfZHMHafZFJ15d+8kuOKLu4qwB1APQUtC0N7MErJ9c1Z3aayFa5uatvVSf8AlFLIjj0pBIYctxSVZmx9d38a0uWlsDqs/fTgqKPSoz8YdMV1HKQmO29sZ+l+NRnIaB5H8aaJMTknFQkW96U+lmM0px1ZwlKRkmoosmLq46R5VpW2kDpTy5oDUh5+SZA48xioi9BajUDttb35VW0iRQZQFLAHmcV2f2dWhiw6Rt7MUY3thaj6k1yy1oXUKH0BcBbeVDkkcV1pp9l1jT1vafOXENAH8KHOa2SC4EnOmDO0FalWdvPm8gfmKeoBxb2f5B+lVRrS9td/Htr4WHXJCe7GOCM1bEL/ADJr+QfpRU7gmCyR6crRFkn5o/GpEI+AVFln5r76kwf3Yoj8gqn9s0Sl/RrW5+6rYvpWh0nujSn/AJn4DL4IMhwgYHSvIUS1hKa+K2gEq61ocfVtwngVEpVuxRyp2z4w1scWonmo0okmt0VRUVEnNaZP0vdQJ107AJeXYDM+K9J91Mbx8SaAw07rxmmFxPjFU068L9ymBbP3IspOSkVtxhsD3V8kfvAK27CU0eK3Yat2BbgBzxW6yfuzWFzCWwSs4odGu7bCFJRyaBhwzlltIAtp2ybdSO9Ga9S5Ofly3d6AQK9R5fCck31Ey3djsW8VubiocRkjmtixk1uYGGzTqNFckeM3scwOlRtTtd5anh/CanNfvaxvCQYDoP2TV+4Sb7nJ89govshP8Zq7+ydOLRj3VUd+bCdRSf5quDsnx8mkUxq41FMXxO2ODIw+r4UKkjdElD3Gje355WPSgxaWGpW8EAg4pPDsw2r3j+Am6O8N2dH8VXDE/dJ+FVFpdATe3R/FVvRP3SfhTOp7CWjVOSMn/wB2aGhGCTU2esoYUoeQpS+WnO8UnHQ0vF0OSdDEpJKT8K5x1i13faA4s+eKvZm5OKpeuWk7fc5xlvoHfHnNN6XNHFPqkByx61SKju42zmlHpuFWJbzmKyR0wKFa30e/GjGVEy4hOCR5ip9lz7BHz6CtiGSOVuUWee+JxcHFMNuOfMBPosVSXbKgnVSFAHHd8n76t24Se6kIRjg80O1fYLc/bV3iU2XVAbdvurzOPMsernZ69QvSY/qVn2Tu93quHz1ViupGlZcPFc+6NsDLOq47sZYR4g4lr0FdBNDCqe1WWOXplBgcUHFtM2XLm0y//aV+lUHC4dPxNX9N5tkkf7NX6VQUQftCwPtH9aSbpFMg12oZKQBT5aGQy0FK+kaVdNReA4sfCnBlXSrRKRKx1VJUjVE4JUR4/wClDJ8dNzjhLp+cH0Vele1g4Rq2f/OP0r5CWcChRm4T6o8jrm5RpgNEd6C8ULBJHmKa9O3YtLSkqxX1yMmWwWzgL+qr0NLig7BlKS4jCknof1r0Wm1EdRDfnuJzhex0Jpu6JmxkoUfGBx76E9oml2r/AGpwoSBJQMpVjzpG0xqF1tbairABGMdKt63TG58RD7ZBChyPQ+lZur07wz6lwyccrXS+Tk69W1LjTlvmMht5HRXmlYPFR4bCmwErGCkYNXL2vaUHF2go5H7wAeXrVWBIWncB4hwaGqkrOba2NjLfAqawzlVao+MCisVAJHFXSBtnxEVKk4IyDxW22WhiFv7gEbzkgnNT22+KmsNcYxV16FXvuI3aJb0OWN9RSMpGQcUk9lyC5fAn3Zqzu0JO3Tkvj6hqvOyNJc1F64RQJV1h4O4l2NxB3fStcWPi5RyPtijCGvm60soxPYz9sUVgbGfuQR0rWlkYPFTsVilPFVsvQPcZHPFc79qzG3X7uPNtJrpV5vwEjjjrXPHacjvteJKFodJaGVJ6V0t0THZitZmAq2yVEch3zps0/bhJnNNlI2k5V8B1oPZIyk2uXkf6arC0dCwlx7GVLw0jj8aEkuou/KWboK3Bbq5a04SkbEf1p7odYoog2xloDnHNTnslle3rihzfVItFUgNqOeliKo5wOgqv4E4zbo9jxJ2HqfdRXXL6lwktoVh0knbnyoZo+2kqdUvBwAFkeWedvxrYwRhh07m+RGblky0g/pu1M26OVoRha+TnrRsL4rSDgADoK+7uKy8mR5JOUuRuEVFUimu0BO/V9yPotP8Ayil9LfSmLWJ7zV1zPl3g/wCUUKDVQqKt7kNTfHSobyKKuIwmoboBqCbA0hA5ps7MGmvlFSu7BeQrelWPypckpGab9PSFRbdYUsBKC/IcQ6sDkirY/MRPgc9RX25IgjLoSpXXaKRJWqbvHBSzJIHwps1K2lFuZCCpQJ6mg1i0PM1C53ri/Z4PmvHKvhXnqy5dQ4pns/8AL6fRLLKCf4csVF6nuslSkvSirPoMYq/LKsmwQFKJJLQJJoTA7OLDEaCVRy6vzUo8mmdMduPGQy2kBttO1I9BWr8ikkjy0NReV5ZqvoisNdpC9R2jgEhwHrVyRlBMJvPHhFVfrW0RkuwJqEq9pMhI3Z8s1aMdIMJsHyQKOl0xSZ2bMss012X6sgTD8yPjUuD+7HwqHLHzQ+NTYP0B8KJL7tCC+/ZJc+jWiQrawTW9z6NR5n+bGk/237DUvKDVncnJrS59Gt6BlFYOpwmhSVqxKRqhDhVa5I5qRDT4VVg+nxcVVxuCB14Qbbkf4zUaOqQS4MUJhlticpTqgBU6TdG0jDIyaLpcEnHgtgilF2bX2QhQWsgCtMi5sMpwjxGh7y5Mv6ZITWbFu6ZGfjWhDTwhvIN38IKuKXrg7nlKayiWcJx4cmmFEVppOXCAB60PumorbbGyVuoyPfRlkUdoIj5au2bGrUNvIAr1VtfO1yJHkbGFbgPSvVXrl6k9K9CwLZqaBNAw6kE++j0eQytHhcSc1UUnTL8c7mtyCPNNE9Nx7j3xSt5WB0zRZ6RJdUXsTHLvTQ6NynPlnuh9D1ovckFcJweqTQGIHIzxcdTuUPOh971imIstuNKCSMZxQJrdUNZckZJV6FPX6Kf7SyE46mrU7MWizBII8qredc4T9/Lq1gbz5086e1Xa7a8iOt1I3dMmjatqWNJCeLaRYTZy8TX24MhURewckGo0KdGlrCmHAQffREOJWhxsdcUhiHM8bSRWlhQW768D13Va0P8Acp+FVtamc6lfT76suMna2BTOoeyEdLGnI03IZir+FV9t/aF/GrFnDMdfwpDU3iQv40qMzJEZPAog2OKjR0cCpiU8VdFEYSAlcdxtYyhQ5BpQ7hLLpQgeEK4pwkD5pXwpXc/en41o6BtNoyfi0bjF/UEXxJE5o+WKn34b9FEAZysVGvqMy2h5GiF9SG9EOEeShWFNf5zIemxu9FiF22tojayYUAAe4T+tW0w4Dj4Cqpjsd7qllzdwmOk/nVoRMZGOuBTF9KQOKTf4E+SMwXx6oP6VSNohlyc4SOAs/rV5pAKFA8jHNJF7tseCrv4zJBJKlBNX6bFcvNG23ICEJSmjTAqvxr2wQXe7ly+5cHVK0kGh2pu160w7e4iyFUuYoYRgYSk+pNW2RWKYA1rMbTrG4p3A4WP0r7AlNkDxCqrXPuM2W7JeJW86oqUfUmisFV3XjuWln4CgNbjKTot6G+ng5FS5sJu5x8cJfSPArHX3GkC0w9VukdxEJH8XFPdksurjtLzUJA/jWf6UbDOWOXVEpJCykvxJZbUkpO7GzzzV/aTgLgWVhD379YC1j0PpVe3G2OWy5264XGOxIeRlfdtKICiOmc1PY7VI5d7ty3OoUDg5WOKfy5cmrSjBe5CSW5Yc2OiXGcjvgFDgwc+Vc4axszunr660UkMrJKD5e8VeMLUi7qxmGhlpwjjvST+lCdU6YuGobW+m4+yF5KctLZSRgjp1pGfXgfiR0emfBRcuYIURcjG5KU7sDzqHEud1kJDjNtfUhYyk94BxW69xH24E6I6gpfaBBT6Edam6fnMt26MlW/IQBwmjxkmDcWuxiL3dbc2X5VqcDQwkqU8DirAgL76OhzGNyQcUj6omsvWN5CN4JI6jHnTJabm0ITI2uHwAZx7qvaT5K9Lrggdoysadljj6FV52RqIv5SkYWUdc0766kiTY5KEJUCU9VcClDQUCVab5GdkN471sLSM9UnzoU2uqw0IvpaLzajy1oHzyRmvqbdIS+26JAJQrOCK+RbgjYPAvpW83FH2F/hRXJAFBhX2qUU8KaH3Vil+aeErb/wCGh0e4IccS3hSM+aulRZeoWYMzunG3VnP0kDIqtXwXX1DUlu5vxXE961sUMEbapm+R2IGrdsuP3pKRjYcAVbFz1PHgstpWhxfeDILYzj41T2qJnyhqtDjIUN+EpBHOapc1sEUYvcJvR4SYr3s0VbRU4CU785qw9HW4GbHbxtajgKVn7RqtdJx5D15fiSskMud4sHyx0FX7pG0pbt3eSE+N07iKrbit+Tq32GJBQoAIUCAOMGthwBUSQlmJHVtSlP3VWeudRyYMQKiyFtrWvanafKrafTS1EumJE8ige1SxIharLXdl6PJUC22sAhWeuPTHrROJdrNaoLcRuYydmSohWSpR6k1npaDIXHjybq8uS+7ynveShJ8vvqVI0DYFLUUQ+6JOfAo1fUZJfd3dFcaXIMc1XbgfA8DWheq4p+isfjUx3QFvHLKlD4gGo69Epb+gpBH8tKNyL0ivb68h+/SX21AoeIWPwqI4pKBnNP0vR+/G9tKtvTHFQXNJttNyHXGCrY2VJBUcZyKm3XBygm6sQZEgbcZxQuXM7tpakYUodBRx7So1BMnrjXBcaNER3ngTlSs8BI++kO7tSWL7GYYbUywI4dwtWS4B1V99UhKUt6Gs+nx4X09TbpPj1XuQGLjcpkyS0iQE92eB3ZV5+6rq09be409pV59wOFTxWteMAE0o9kbbbreotyUnIJBxz1q0b8EpsdiabSAStJGB0q+PJ9t0fSwM8K+Ssn1o+3lCJj7MVtYU2p0AY9KsaHHRFiNMtAJQhIAAqtoaf8aROOjgqzk/QFZ+gfU5y72a3xduMceNcUYKrQ99E1IUK0ujg1omGxI1w2UG2uFxWPaEjZ5daseP/maP5BVddoA+btI/9Un9asHJTDa2/ZFS+DockSX+6HxqbCHgHwqJITltOanRRhAq0n4ECivtmza50rRLH7OakLrB1ILRzSleNjL4BXRNYuDKK+S5LTCCSoE+goU7MkSvCynan1okNPKfsJtdgnHdZaSe8WB7qgXCUpxW2KM++sY9vUTlxRUaJNRUNpyrCRTMcOPGt9yyhapgVm3uOr3vKJJ8qKMQEpHStNxvlutjZLrqcj31Xepe1aOxubheJXTiiObr0RZRS4LOediw0FTziRj30rX7X1utyFBtaVKHoao68a2ud0WrLqkIPkDS6/JU4SpxZUfeaE5xX1LNSLB1L2nTJO9MXKUnzzVZ3m+zp61F99ZB8s1pkPA5oXIXk0N5Gzow9TUtRJyTXq0qXzXqoFLwsnbI04Uont7c+tWNpvWdluBCm3W0qPvrj/JqTGmPxlhTLq0EeYOKYWbsyny+6O6WJEV9GWXUKz76jTLZGlpIeZSffiuSbL2g3q3FOJCnEjyUasOw9tCk7UTkKHqetWTT4ZDTGnWvZ5CmkrYy2vyKeMVW8zs6uCZ7JVJeU0D1zyPvq1rb2hWe8LQhTqEqPqac40eDNZSWXEKz76iaV7nJsryy6eu1rabXFmrWkD6CzTroyXNedfE9BChkA+tFVWooHgJFam2X4hJbSDn0rlijXhJnllLzAu1IxqV5XqasJrlIqv3VLYmh7YQrPJFOdtnsux0lTgBx512eLpAsCptMlyhllXwpLcb/AGlfHnTe9LjrQpKXUE46A0trR8+o++gJBZn1lOBUlCaxbTW9KasiCPIT80r4UpLP7Uoe+nJ9PzSqUFJzPWKf0L8T9jL+KK4R9yHfgBKYOPIVK1Ed2hJJ9MVjqJody0vzGKxvOToKbnqBWJl21k/qeiw76LGLkCT3d3aWeQqOkfnVtQcFDZ9UCqJizf8AGMQcHLI/pV6WxQMZg/wCjWule5HTUvwCqehoS+3vlsjA6nrRVHUVBWn9saPvNGjwxSa8SK111oOPedQPTXfCA2BtCODilKT2bttPyHlISyhKUuJbA4KTxV6aidbjWl110hKRjJxQqY2FRXnMDJhpx+NRhi7kp7+n0LScXOCjt6ld23RkWJ3fetJ8QCh7xTdbbTEYA2Ntj7hTVaLdGl29lUlhtwhI2kjkCp7NsiNcCM0P92u6knwXlDdqwNFZSkDaBj3UTjNZr6+0lEtaG0hKdqTgDzyakNAJSKm7QOqYo9oJCXoI/hV+oqvr1ZDLQqVCT+0JGVIH1x7vfTl2nzWosy3pdWE7kKxk++gVsuDCiNrqc/GrYcksU+qJIH0xeXIbgQvnB6E1dunrm3PiJAUCsDpVU6hszT2Lpb8JcHL7aR1/iH9acezBDj8R6UtOGgdiPefM1pauePNi+Z3BxxuMuqPDBvadpIPOC6wkeL6LyQOo9ap26Wq9RJmLbHSuMoZScgbT5iurH2UvMrbcGUqGDVf3KLBt81bNyjB5pXKU7ikKPxrLiwjKKetOpZrBZciICFYz4xTdbrNcEMNoK9pCcEcGmpOotPIUUjS0gEHHLqqksaksylpS3plwEnHLpqeuN/8A8JUX6CXd9MXObBdabKVqUkgBRABr7H0hePa4Lq1NYYjhondyD6CrF1He4digokDT7b+5JUEpfxj8qAXDWT7MqAljS7JTIYD2FSFcZ8uBXOUU3Z0YyfCMW7TdUJASkHHn3gH9K3Is90V9MhPwcB/pTDpq/G4uOpm2WLDCACkl0q3fiKmw7suQ3NWLXBSGFFKMqJ348/dU9V8FXGmKDun56xzIH/F/0rVL07NJGx9B45JXTgi9uuWEzGbPEcl4yIyeSeelR9O6glXNctE6z2+3rZxtQ79JVd12d0iQvTc4JIMlI+C6BS9Gz1XBuSmUx4FBXJ5499Olz1tf4KylzScFIJIQpe4BYHmKBu9p99E1mOnTdnBcWEjlRNUeSKav8y6hKtgxobS7zc6Q/JWHFy3goqHkkeWauFtAbQlCeAkYpesMwSB36mUoAGAG08Z86OLlNMthT60t5GfEcVM7k6RVbC9qmctClR0JUtzbkJT1NJNls718vyZd0ZcbhwTu7lxOAtf1R7/U09X9EacWJEdwLeQceE9QaB3TU7NuUYyoc0qb4JDKtpPrnzo2PW/LTxwVbbv+n97FZYVXU2HUqzIQT13CjTgzVZw9ZJkXSKwiI+nvHUpypOMZNWYT1pe0+CUaCKwIrasVrNSSYbN5wBkmo9yhZgvpVgFSSMVPjpPeg9APOtNzUe6e5xgK/wCWobLQVspvT4SxJ1GhjISmLvGf4VZNKmvYDFw7Q9OR2gA29ADfCsbMDr7/AIU12IITMvIBUQu3vHKhjOOaQtXER9TaSnbzl0gn3DCRVNPvH8X+Y38R2yr+Ffkif2WQ3I1y1AyttSUlLgSojhWMdKtSY2HbRZk4yQkK491QNPRWw9IZSpKiyH0488KORRlpori2vHBS0r9a6KrUX/tBP/S0/wB5fkQYqM3SKQPrirFSPCKTIDLYuDPepUVZ8OPWnVI8IpPQR6VL3Hfi0+qUF9DAitbg4reU1goVoGRRX2vH0uXG0RUjKhICjVk7CqK2B5JFJ2qoqTdLQooGe8znHNO4UlDIKiAAPOufB0eSE+nwJFSmMJQCSAKFXK6Mp8LI7xfoKHJdmynE94rYj7IoyxOUd9gV1NtDG9JQnhPiNQJy3nWCEnbW9poIQM8e80Ou17t9taUqS+gY8s0OMEpWgrdrcjsW/JyslR99S1CPFb3POISB76rDUva1DihTcHxq9RVW33tAut1UoB5TaD5A0Wc/3mVjH0L7v2vrTaUKAdQpQ99VTqftekSCtuCCE+tVXLkuPKKnnVLJ9TQ110bjigvKv2S/y/UYbhqCfc3CqS+sg+QNQ0qHUnNCEP4rYZOB1oUpOXJySQTXIAHBqM5K99DXJXvqOt8moSLE12R76hrdzWkqJr2KtRx9Kq9XzFeqTjGvV6vVxJ6voJFfK9XEG5qQttQKFFJHmDTRY9dXi1KT3MpSkD6qjmlGvVKbR1F9ad7bHW9qLgg48yOasqydpljuiUhTraVH34rjwEjoa2tyXGzlKiD6g1dT9SvSdytyrbcG8svNqz76iS7UXEEMLUkH7JrkC2auu9uUPZ5jgA8ic0+6f7ZblDKUzUlxI6kGixy13KOBdMLTk2JO9oEp1afNJPFMSVAH5xJBpC072x2eftRKUG1n7XFP0C/We5oBZktnPlkVDp8o6iS1sV9FQNbwmsDDbcG5hY+41gUyWenjTVelPg7c+vJ8CqXn4yUzNyepo4qUCClxBSqg63FOTCCjAHnTGmuMmJ61KUF7mF2hmXblBKcqHShd8ivRtE3Bp5ODsyPwppRgR15IAGCaiay2v6Ul7VAgt9RSWeCeZz7mjpsjWFQ7WUJDe/xnC4z83j9K6NtCcwYx/wBmKpW16bWu+w2UqBJa3hRq8rayWYrDajkpSBQul9O/qN5JJyVehOQORUN7CJCFKOAFcmp6R0oZdh83n+KjwEcrp2R9Uti4WN+PHIW4rGB99R5LKxDXlJwIm0/EVJYTwKmJTxg8g9RV1LpVA4r7RZGbNNnNsZHokVLffS3IQ2oHK87T8KwtiEttFKBgA1hcR+0xlZ6buPuoL5Gr6pWu58fA7/d6prwUMckVonxmpiUsvglON3BIoPfIqIFubbjZSlbgzyTUwuUlEpkqNv0Ertb05N1TdLcIXhYjtqHe7uFEnkD4YoLaOyhwbTKubyPc2T/fVmMNlEVpJ9SanxuSAKI8aTBxm2kL1k7P7fAWl0y7g8tAzhUghP3gda3Os3W2+ziyPn2LdhbWAdmT1+FNrigzEdWeiUKUfuFINs15ZlFI79SFe9BqINRlZe3VD5HeWtAQ8tSjjk5xUe+WFi6W8tJylweJCvQ1Gtlzg3IhcF8LTnB4Ix+NMfeN48K05HvqJP0ORRV8sdwS7lLrzSkeBaU5PPrgVCTabiro/K4H+rXV4To7bjwfbT4x9LitzbaVJBAFClijJ9TCxzOKoo82WdtWuQ8+tG0jDqFEAYplubDlxNtXEJYcbi92nanduHHP5VZMplJjuggHKTUG1tDEfgfu6qsMVwX+c3yIDNiuq1+KUrP8TWBWx6y3UgoTIWMH6jXFWiGh6Cvd2PQUX8SnzWVha4N5tkxMhta3yElJQ41wfwqbfoq7hDL7cJ5F0JSd6UcAg/HpVglselYlselWUmu5Vyt20VNqyNqHULEVpyMtlDBJPdJwVHGM9aB2LRtxYu7T8tt8IbBI3kYKvKryLY9BWhTPePAJRnbyajxX5nXp2O6lVUjfZoaYUBllI5CeaHXrBdWHwFADj4UaDobTlacH0FCrqlMwt7AQoHofMelRc4puPJ0XG/FwDkKSiOjCAn045Ao+pAWygkZBA60hXeRqRsr7mztqA6FL4VT5CWpUJguJ2rLadw9DjkVCVIrKXU7IT0CMtQUphvcDkHaMg1ID608KGfeDW1wYNYNt94vGccZqxU1qkc/QP41Lioyd/oSKwREBIJV91SI4wkgfaNQ2q2JV2ZvKS23uWQlIIyTxQS4zGFtv90+2pXiwArPlQrUsxyTLW0Ce5bOAn1PrS846GcH1OKhqlZfG05UB7LHxqeQwvHzsOQkge8VVnaWFNf2YVyA0NvToQR/dVuxMJ1zFxx3jDo/+GarTtRY72xWB8JORKdaJ/wB6q4VUX7v8xvXu8kX9F+Q29nUtczWt2USS2pCQB8UVYsRklqABnwhQ/Oq/7OWAxqmQhOOUNE/eg1aMCItxthSfooUoE+nNW4zJ/RgG7wtfVH22pablLDuNxGE59aOJHhFDlRO5mJwneOCT6VNdlMsJHeL5+yOTQsEWrVdy+rkpSUk+xtxWt5aG05WoJHvqG5Lfd4YR3aftK61qTDLh3vKKj6qPFNrH+8xJv0I90cbmSWHGWytTP0SelZqRJlEd84cfZTUe53u0WdsqlyWwR9UGq51L2wxo4W3a0ZxwFGr9SjwR0tloKZjQ0b31oQB6mle+9oFms6VBDqXHB5A1z5qPtGuVzWrvJSgk/VSaTJV4ceUSVKJPmTVHlT+pfoLq1L2wTJIUiCA2n1qsLzqidcHFKkylrz5Z4pWXJWvqTWorJobnJkpJBF2YpZ61imSfM0P3V7capRaye4/kdajLcGa0Ek+deqEqObs2Fw+VYFZPnXyvYqxB7rX2voHurIJPpXHHwCvcVubjOOHwpNTWLS6vGRiquSRwMr1MbVjJTzXqr8xEWfbvpZ2E/sQvcKBSYTrBwsUaTqV91wrk8n3VBmXISFZKaIoyOQKKCPKvlTO9SryrQpGVZFXWOTObRghC1/RSpXwGa+pZcUrCW1k+gFFbbKTGSQW92aO2AokTeGxk1eOnyS4RHXFcsUFRX0jKmHAPek18VHeSMqacAPmUmrikafkyYu9toAAUCXZbjJJYbjpyPOolp8seUT1wa5K1IIPIIr1NcnStxN3bhvM7FuHAPlU+69m13iOtoZR3hWM9MUPpa2Z1oRgoiiEC9T4CgqLKdbI9FGsrtY7handk2M4g+uMihu0k4A5rt0TyWPYO1q/W0pDjgeQPU81Zdg7dIjoSi5tFs+ZPSubiCk4Iwa9vPpU9b7ndKO1bRrfT96QO4lNbz0BIrb7MmYXiy94h0KTXFceY9GdS4w4ptaTkFJxTTau0W/250KbllQ80qHFEhkp2Uljs6A7u+sXGQ0l7eyoeEKFfRPmMaYuDF0QoPEEJABIpI0V2xOzJ7ca6xUnIJ3jzxT5F7Q9MXVbkV91DToO0pc4qjUMmVtvei9uEKitgDpy895MtslK0EhPdLBOCKuO3OokRkuNqBHTg1Wdy0vZ7upC4DrYychTS8H8qbrBHlWWA2wlAeaT5k81aWFpUnZPzVJptUN6UjANDrqnLX31sYubagkOoW2T9ocVnNCHI5UhQUM+VUSa5KT8RCYT4RUlIrBpOAK3YqwNIkW/ov41quScvxT6FX6VtgdFVruX72N/Mf0ob5Dw5R5oBUwJP+rz+dDNSo3x2QOgdFTwS3LUvyDB/Woqv2hCQ6AQDkVbG6lZGVXaBd3nM21iB3rSnC44UAJNE4aNqA7tKWz0KqXtdKSj5IAwP2joetNsJKV21CVgFJSQRV5S8LYKMfEkC9RX22Wa1OybpIShgjbhI3KVnyAHJoPoJ7S18YcdsLCVJaISouM7SDjPnQbtEgrsUiI/Y47a1yO8U6h0kpA46DPA5qP2GR3Yqryh9KUOKfS4Up6DKT0rO1mWeKMckH3iq27tJjMIJ3ZZs4NMNMhRSgbuPLyr62pK+WyD8Dmsbq1EkdwiYhKwFZSFDzrb3EeIxltDbYz1AxTttAqJoThGDyMc1oSkNulI+ielfWFhWMHI+Nb1pBT5D0qOCTRIT8yv4GoVtb29x/wC3U9ZCmVfCo8QAKaHmEVPY4mYr2K+gg9CK9VTjAisSK2GsTUnGpfAJr5FSSg5BG45KvdWShuUlPkTz8K3KUnYdxCQemalnESe813eQtORS4/emWriywpmVvW4EBRZUE5z69MUQuEpiG2O+Ss7jgbWyoD8KnSlpaYU6oZAGan6Ig9IHU1qRK2DaoZx0xWMefEmsd5GkNOt5wSlQOD6H0NZexlaUqQ4Du8sVO3chmbcjv3AhKFcnGfSpMFtaWlrcKSoqIGPIVgGg07GHAKTgkcZ4NZhwpTtT0yaq9+CUSQMKrGP9E/zH9a0B1eetbo/0fvP61FUdyxLuSczZH85pfu+W2UqHksUzTU5lvn+M/rQuRCRMkx47pIbcdAJHWrtWisXUkwKjCddWQeat6D78oNAdTaWuV9syGrbFL/sd0WsjdjCcAk003aIqPrmyOtIUppD6tysfRTtIyTTfZozkNMxLQ3h94uhR4SMgD7+lDxRdP3Y9rZJyi16L8hd0/pl2231EhxIG9tGfdgGm+M4GGlNNjvV7icp6fjWbjQ297MdG1I+sdqRS3e9dWW1JUhtwSHR9VvpRHFN9T7CnU66Rl3ulwKdUBuONo6VrlrixSXZLjbfvUapq69rUn2pK20NttIOQ31zVfas1zPvktTi3nENn6iVYFd1pcEKLfJe9+7RrPawpLCw+6PSqq1V2s3KWVtxj3LZ+z1qt37qyFZUjJHqahu3kKJ2MD8KhzfYs4pG+6X6bOcUp1TiyfNRNBH1Ou537qmquS1f6NIrQ5OKhyE/hVNzgepo/ZNainHlUxySo+laFL3Hmu3Jo04r6Ek9Aa2bh6VuYe2H6INRZDVEbu1n6p/CvhQodUmirU9KDygVHlyUuLykAV1smlXJBIx1rbHZXIeQ00nctRwBUiBCeuEpLbLajk8qCeBTPpW2C36xhtPgEdeakq3RGRoe7qaDgYO0jOTxQuRaXIjxbeHiFdG6x1BEttpS2ylHeFGKo64PKlSFuufSUc1V2iIuxfUyltOcVmyG8ZVipMlGUnigjpUlRGTUJNkjbYWUzZiGGUgqNMV1t5tqkpc4zSloCd7FfULUMgimrtAu/tUhooGMCocQkIpvcjx32xkHFepYE1aCeeteqOgJ0oA4r2KtbVfZg5aWQ8hR259KMWjsfbuFtbfC1BShng011IUUrKUT1rakVZGqey6TZoq32nCoJGcEVX6Y6/Mc05gXVwDlI+Nppm0e0r24KSOlAUNKHUUz6Qc7qV061qYsewvKVl6abaTIt4QpPO2tERhqPdikAdaJaKdbdgHOAcUKluBvUAAPU0GSbyyiStopmnVsVtOprU4hIBK/IU+uR0quEYqQCNo6ikrVJCr/acHndVgo5mMDH1RWVk8wz2B1/stqeSXZkdBA91Vzr7Rlk+RjNhsJSoDIIFWvqVnvIDgzila5xESrCI5UCCMUs3yw8ErOc1acZlvZRxUW46PeYZLrZJQPWrUZ0s4m6qaQcN4zmt19sMtFpeQgZCR1xQ+raxlwgznl1BbcUhXVJwa1kVLuKSic+lX0gsg1oTir2B6Bh7O4CrhqdhsAkJSpRx8Kw1bbZce9THEMOdx3hCVAZ6U19iXdN6glOuqSNrPGadI4amR31OIS4CtZBI95oCl9s/YIsT6SlLbqC52twKiy32lDy3H9KsTTnbXeYAS3OCJTY67uDUy72K3PoO+MjcEA8CkDX9mj2m8oahI2tqaCyPfTEZsDPF08nQtg7arBcEIRPbXGUepIyKdoV6sl3QlVuuLW4+SVgH8K4gQhwHwnH30Qgy50ZYUxJKCPPdirqYNxO40CS0nKVIeR+BramWjo8lbR/iHH41yfYe0XUlr2hFx3oH1Vq3Cn+0dupaCUXq3pcHQuNK/pU9SZHSdBQMFsrSQQfSsZzalux9o6KOfwpLsOtdP3ZQVEuzTLywFBtTgBHu9KbmZTpSFAtyEeSknmquPoWi6NM4LbdPHBawfxrWyOBUiY6Hk5CFJOMeIVraTxXLYiTt2KXaCAPkhZ+kJOBTpbyEQW9xx1HNKOv2ipi2qAztkj9KbGh+xND0NTyqKLzWLvaJAVOjRX21KS0wlXeKTjgHHWhfZe2lM677V7wS14vuNOslAVEeSoAgoIIPnxSn2e7U3S6hsgp2tHj4Gk9avsd+zX5oPjY43CIFLadQnlJ8Rz5Vg1NRJfVHUytJSfrDg0RUoKaUR0xWle0raXtGfWmk1wyrtpGEp1uMzvX4UJ5JFAZOpkxnnESIzga25StCgrP4Vo1vd2bew0FyEoCljcCoZ46VRms7/JlFDcC6qAUrZtaBcJV6Dp+tDlOnSLxhatj5c+09EeatCTtjhzukqUrkn0P6VPj63aejImF9thvJGVrAyR156491UTY1Pwrs2zdEFbqFd6oLUN3TIyPXpWMmeJ10eZZR3cUZWGiQrYo+Yzxnkk5qLfqEUUdAwtbx/aFtsPuv7MKUGz3hVk+Qx0pnsOp49wWPFsSvARuOCTjnjy5rluNbr46HY8RCnY7R3kteAYHQ/dmrO7M4d8uV19vuEHfFSQErfVheRxnGeTnzrlNt0dLGqsvsEKGQc18Na4rZaZCTnPpnNbDRBc+N5JUR58CtctSVYQAdwNb0J2p58qhqT3rgUrOEkEEHrXL1OMmgotKDidpB6ZzWL6MspCgCkkcGvs54soCkJ3qOeM4rzy90VpR4yQa6y3Q1uzRChR4yl+zxmGAte9QaRtCj6n31MUUof3E8bQMCsErCTzzzWtatyyR51yRWT2RsWQt5BT0BJ/I1rFfUfSFeT0qaog+4qRG+h95/Wo+efX4Vi+6Wo6lKcS0kAnJIH5muqzlyAZCCqS6ACSVngfGtsW1OKfaeX82UK3JB5P4UFuvaHp6yR0pU/7TLI8TbIyoq881XGou1y7zNzdrhOsNngBAyo/fUuaWxyhe5dUyTbbUhTs6Q2lXUlZBP3Ck+9dpVvjNuGMtptCR+9eVj8BXPmob9qWdlTzL7CT5lJJP3mkqWxMfXl4POL/iJNV6mWotbV/al7eVttSXHs+ecJHwqvZOoXXlElw8+lA/YZOM9yvA88V9EdQOFA59MVHJydE1dwWs5/M1qLyl/SWfgK1BlX1WnFH4V5TTqG+8cbU2jOMlJFdscbApI5xk++sVPelaS42nyKvjWKpB+okJrjjYSo+v31rUcdTWsqWvk5xTPojRsvVa5HsziW22BlRIzXN0tzkm3SFoHcQEgkngCp0i0zY7QceZKUEZGaZI+jJMa5s5BcaQ8AVAcdas7tetjEOwW7uW0pUUjOBU4nHJwU1KyYOSkbfY7hPaU5HZJbBxuNGm9A3tTQdW1sbIzmru7FrJGm6Y3PoByfSnu7QWUMoYCUhvoeKvixuU6fBGbPGOBSj5jkoadDUjZJeIAPPFOMS3aTtrLTrpS87jkE7vyqzNa6btymQIraN5GSRQXSOh7c88VvKS4fQ+VOS0kFj62xNaufW41wKSdW2uK/3cOEUtn623aKWbhdknUCZzPRIxxTRr2yxod37mO2EpPpS8qzt4zQJ4IQrcvDUyy22jRc765cHwt5R2jgCo6H0L86kOWlsdK1fJ6Unih9MAnXIaNLaaiXkgPPEZ8gcU3jsbtj43h5XP8dVrblSIjoMdZCqtDSDt4lhHeukIoijhrkXnmzQfGxqT2TwbYrv2FqK0j7WaTNW20NLUk87eK6BSwW4Ki6dxxVJ69cBmrQhPnS+oUUl0j+gyTnfWir3WylZCq9Ui5EoewRXqEpWh5x3Op+0po/IqyaIaGSo2Fn4CgHaNcAuyODPlRfQcoJ00wofZFXjyZyNmtGN1pe7weHB61zJco6ET3Q2Bt3Gujde3AqsD+Dg7TXNIkFxxSlHJya1fh8bbAZDLuR6UW08hKZOTQwOCitg2LlDecJrcgq3YvJ3si4NGOlLJ54odJf7zUoTnpRHS64aIp+c5x60LZaZc1IVB0AUpDPilllK+wTomoJErULhGp7SCeN39KtFs/tTB/hFVfqNCDqe1d2oKIX/SrSbR8+wf4RWNmacrQ0rrc+ajSpy1uhH0sVX70eYYCUpUrOeTVi3tClW5wIODSsWnxaCEYK/WlJNoaxcC4hqWhR2kleOuK+XObMZtjwU3uJSfLrUuKuaqaWtoCsVlPdltsqS7HCvLiq9TaQWkrOY9TQpbNxekSY62m3VkpJHBoQBzXTmstNRL1aoSZCA2ncFKxxVQap0f3Vy2WNhx1kDCiASAar1KWZ4YbtFIPwLJLZMBaVnOW+W4toZK07TVt6WIVZmiocnJP40gWTRtzVIT3jZazwNwPNWVa4D1riJjSQAtOavPTyxeKUasbx5cc49EXbI05tCQTnnugaRO0iKHb/HcV4kdyMinu5YU2oD/AFVIvaSmULnFDCFKT3A3EDpzVY0D1EaiD4du09Kj5eVJjODqocigN/gQ4s4NW2b7S0U53EYIPpTdovTz70xPyixllY8Jz4c++jV07ODbbvtLrT6H094kN87PdRGhHgqFxpaetYbVHoCas3UWj1QIC3VtFI25BI60qCFLSwyuBCcz0UseIK+6uUWzrQAaU82rLZWkj0pgs2tdR2ZYMC5yWwPqlRI/A1L7i6pUBMs4WSOhTtJoBckuNSV5jljn6BVnFdUl2OtPgtvTvb3fo21F1iR5yPNQGxX5VY9i7aNM3DAmolW5w9StO5H4iuUNxJ88/Gp0a3yHvotukYzwqpTZzO12pNq1VEbNvuTEhKFhaS0sE594piAAYQjByk85FceDR0+06HTqONKlMSS8lCG2nMFIJOSQPhRDTfa3qqzIQh25JmtDjZJRvOPj1qOo7pOsXUhTDiT0KSD+FLOiYDUG43BuOkJbLbZABJ5yfWq/sfb3ane7avVveYKuFOseJI+IPNWLprV2lropTtpukUuuJAKFq2K/A0PKlODiWVxY1o/dLofe5zNutpffVjaDtGepog0pKmyUqCgehBzmq/7ZWD8hMPhwbWir5s+ZUMDz/Kpk6TZMFbSKd19qFyU7mSpSowcUGwOu3yIP/wCdKSEXLuHmzD8TaclK3Byn1I8s0VuoSWY7l0dSrcAWmuu1IJByKCOqaG53aVsD6IAwVf8AQVRb7sK9iZKurLiFqKC8QArAPKDzzmgaV797rZwMHP3+dfHXcRlthvhfv6Vk26hLKG1eJIHQjAq5F2O3Zdc/YNSRIzq/m3z3biHDncD04+NdLWx1LLiQlISkcYSMYrlHSzzkzUtpTHb3LaWMkDk/9OK6chl3a2pXBwN2fKl5S6Z2hmMeqFMd21BaAa9jJxQyz3GPIdXGaeQt1tIUpKTnAziioODTKd7oQlHpdMxe+iEisAAMDpWzGefOtIJ3uBQ4GMVJBHkIKwMc4zisn0/sjQ9CKyWOOKyc29wkdfdUJF5Tvb0NNeHvoLqLVVl08ypd1nstKHRtKtyz8Ejmqm1B2/RGFras1sePkH38YP8Aug1ewdF5qPdoLiilKR5qOBS/dta2C1ZS/PQ86ngts+M/lXK+qu0m86hdUZNwkob8m2htSPzpQaTKlSAiKZTrq+QlO4qNRZNHSmoe2pLJWi1217aOi1p/vqpdVdpeo7ulbankMNq68blfien4UmKt0zfseU6hecbVkgj8aO2/RjiJkI3p5bMGS2pxL6ckcDpVOqyyT9BbclzXF71ynFL9c81my5cSrLbz4PqFEU+XnQ67G0ytS4qW3kpcbUpWVFJGRn0rVDujcZstKaZWeiSFgc0N5Fwiyg+RctUe83ee1BjyJLz7pwlBWTn8TRSTpy6QJCmpoU06nqCaMWa5S2rhGnx4wcmMOLIUykqGCnABIFWb2e6ZN7feuWpmFOsOtFxO8lOFZ5zVk+rZckU+SmLZDZfcPtc3u0BWCB1o8xD0rEeCnHZMl3GduMZq3r7o/Ry7FMm263xXC0FeJtRxuxXPb0xor3Jhsp9ME8VZ3HYiK6tyzNE/I15uS4cGAI6kp4W6jOTTZd9BwrgYjFwwtoeNSEJ2gmvuj9L2+0KtsyGlYekMoW5lWRkjNPEh1KH2GVDKi2VZqIxiExct12KuvvZXp5mTBaiQ3lKkr28L+iPWsrz2LWmMyFRgor6kKNWPdiUXix7fNw/pRa6ZKlAmiZcSaVNoFHJK9yjNeaQgQI1kYZZSjv1BCsCnPSWj42m4s1cXeA61k5PurHtQQO906nz79NOktP8Ail73M/0qJrwMYUm3Bf3yVQ24GoDZwDuex+db+2s/4lt3vAqKoYtcc/7cfrUjtvOLRbB7h+lD0SqIv8U5l7jN2HjGlE4pnvwK0hIOCTgUsdiRxpRFMt1dSuQlIPINaGDz2Z2odYUJ9+t8iAkqccKu8TgZqPoGyToUp599wqQ4SoZ8qOdoCsMxh0yRRe0lKITRP2aezZ5PTq+4vixpZpJdqKh7R2im8jNLDq0pGDTX2hud7fAB0pafZHUik9Wq6fY7SS83uwc88moil7zhAJNEzHSs4CeaPafszTjgU4n8qSodc0lZH0tYnJSkuOJPrzVs2WKmC2kFOMV8scBhltJSkAD3UUkPshOABxVkhZyct2R7pdEpjLA9KovVt1S7cVAeSqsXV15ZjsLQjG41S91WXZhcV5nNAyvsanw5N22D7wd7wVjg16pF3CVJb216hxexoSW5e3aGs/JDuR5Gi3Z9KK9MsgDokUB7S3VptTnHGDR3s3SE6YaP8Io65MpcM066KjYH8jHhNc6tZyfjXRWulKNjfHltNc6tnxH41sfDFuwGbgkDOKnQtwSvBxUIEYFSoyxtV8K3Yq0LVTGfSL0pSVjOUg8ZNfJkqUzfG9hUCfIGhumpEgOLQyeAayuMh5NzbWeFA4rFx4/FMeb2Q7okOuajtfeZzu8/hV6N/SYP8Irn+Et1d+tSnAACr+ldAsDwxz/CKzZqnRdnr2FfJT5T1xSO3JfTZ3MFW8E0+3bItj5HJApAiyF+xulTWcE8Uu/YZxcAKNLmLuKFjdmiEudMBwoEgnHIrQiU77cChnB9MVKVLfW6kLY+t6VyTpbDEq3J9+QU2RhZ64r2jW2l2xSu5QpW/wBKm6oR/iJo4xxUbQX/AGcsfx0ov9dN/RAl/poe7MtTRkiRby20E/ODOBS/q9O27HAwNtPF7byqKfRYpP1igquqtv2a1NVK8EPxA/Do3qZiVNO1J6/uzR52AhVhlyJDST3jICFKHuoVOYXtPH+jNbe0mY7G7PfmlqQru04I+6s6O+xr6pdEFL6jJZLfGc0dGQ0UJf27jjqaXNIvB2+ux1lSnGlEK3dRS12Iypctuet6Q44Wx4dxzt4otoR7vNXTlrUSoq5J8zmq4dZbnireLX8xJ6dZZfMb5TY76/tj1yajxmWS4hLKlLAOOKU7FpqIlMcFLqEr8QRv6YNW26rdFzgcoIzQOxWxh+yd4OHkLWEr8xzTM4Ntyi9xJNbRaIbGjbVIbluyW3HHC0cLU4TtNVEOz03wXFxq4oQ5HeDIBbzuOcZNdCNpLcB/PJ7o5xShag1HtbrrbKULcmpCzjqc0OOSXDYzjwKVP6pFFRuy/UD8iU2whhXs4UokrxuCfSsdN3ePDcSH2hlHGTgkH1FdD6MjomtypSXknC1tutn0JIrnjVtvjw9aXWFCbDcdEkpQgeQqMOaS3aIyYUm4s6G0pAcmaMiNw2i53rS1EHGSCFAZ/EVzxq21al0uxEiX+Eyyy4pRY4SrdjryOa6n7MmgxZIrQ42sJFU9/hKxpEq72QR2XnUJadzsQVYJV7vhRurqqyr8DdFbaG7u5angsSoMd5orG9CgcEe/FdAXHsuss+4uPxW1xE7AAxGUEJyB19eapTsjYA1IlxxJ8PHI6GuprdGfTdg6t5Co7qfC2E4Ukj3+YquRdFNIvGTywak+CtntJ3DR2nLpdLdfZyHoyO8SyTlB56HJpBuur73q+AmLeXElUcl5HdN7CsAcg/r91dH3i2tXKxyocjd3UjKV7eDjNIsvsyjM94u1zpMVZbKedq8/iKlxbVIApU7OfbqGJ77K4qwAgbMHoD6UtuTHwjuyv5tBwEg++nbtZ0rJ0feS4hwGNMPeNKSeeg3Ajy5z+NIIX7Q8krSkc8kDFVSpF3uNPZ/pYat1AqPIddixGUd86W+VqGQAlOeMknr5U5al7MGni9/ZxL8f2YFKm3Xe+Dp9xwMH8qLdkFuTCYVcEq7zIKMD0/vyBVo2tENmSp2I73i3m0hwbs9CT93WgPI5PZmhHDGMN1bK87FtLNW1qRJkBC5edhOOUHzHxqxbrEfmNhllwNoJG4jrj3Vk2ylt11bKUtlatytvma+Jn92+gEefNUb/AHi6jXlJWi2PkPvYr53OSHO8UvHIPkPgKc6UERZVwvDiG3G47LiEul0DcvAwNoHl8abkjakJBPAxzTGPZV2ENRVp92fSrCcedalrQ3lbiglI6knFJ+vtXSbA4xEt1vVLnSeGsnw5/Wh2lYF+vMSevWzKDvWnuGArwpTjnge+r2roBTqwhqvVkq3uR49ltip8iSdjbilhDST0yT1IqvtUWntgu7bqAqEwweQ1FkpQcemcZP41aU8ohNwm247SxuCQVJyUjI6Uy+dcrvdlnsk0jiSXoTWRdcXJtcwrySolYJJ/Gtsfs7u6oTUyQENILiULQ4vK0kqwOPOumLnNLetGIDYHdryVn/dJxXw26OxAjBCEkGZ3mT6781GGUcsmovh0dOLgra5KNv3ZYu23RtlEpDqXcLKtoRtBPQDPkKbtKaR/s7c0PL2vI+UW4kdxxPiCAogkH304a6bb+VmC4kncEgYHvqbeUEt2cIzn5WSrAHopWf61GiyPJkmprZX+pXUbKLj/AHwF3LJDdvAmvsMuYQpBQppJ3Ejrz51pv1qiyGgw8w2pogYTgAJPlj0xRuMnvFd6foD6A/rWm6py2FV3SqCuTg6TKW7YrNcp1mS5GjiUI+0Du04WEpHmPP7qQoeiGV2OLNkpeZBQVSHAcpQTyB7uK6McSD5cUCv1mVMss2HCWhhMgha0lPhJBzn3Gq9T2VtV6fj/AFCQlHe4pt+vHY39j1piWnRLQhOl5t9xbu9SRnJ4/pTSMoskw+W1zA/GoWmmRGtSWEKJSgqAqak5sczIzw5/WqQm3qIp+n6oDONJiHpVlb3ZxMbZSVuOOuBKR1J5qlG7I/AvEJm7RlM948lOxfnz0q/+zM/5Jxj6ylfqarbtVHea6t+M8TkDj4inpwU5Tfp/UHi2gW7MYQxNgttAIbRsSkDyFZ3H/tlkdAGVfrWy6p/bYZGfpo/StNyURfm/T2cn86AtmvcYwcy/hZndji72MeRUf0onccd6cUPuSd15svxJ/KiM4fPKpnL5Y/33FIcsr3tOUE3DTuenfCm2TLadtMkNqyQ1z+FKHad4rvp1B/1v9KY3gym1ze6BBDWDnz4oGR1Bj2NJuH99yvSzvssc7gn53PPxrT21L/xZbATnwj9K3Md47bWGlNgo3gjn31G7a07YFsT6JH6VXSeUV+Kcy9xu7FuNKo+FGnlFVzXxxuoR2OJxpJo+6jKjunHjHip/T8szNV93FAvtHGUQx/EmjMPCLc0VDgIoR2hDLkIfxCt2oHHY2mlONHBDf9KNmdYIfiVxK82T8Co9dXNn+0CsKGB6UEdurCuhpfmuuSZbrjpKlqUck1siwysjIpLNnc2voNYtLHGmN9nfirWC4RT7ZnrckJ8QqsYMLoAKONpEdvrzSzyMmWnTfJaSrxb2G9ocH40v3rU0JhhakuDOPWq6uEspBJWfxpMu09byykKOPjVvmNnLTJ8sO3W/JnTlHdlOeKFT1BXiFB45+eT8aLyU/NigzNLSwUU0iO4S4hOfKvVmEAJHNeqEMtF49pyViyuHHGDRbswcUvSzQP2RQ/tOChZHAr0NTeydQXphsDyTTLRkxN+tGVmyP+m01zikHvFj0Ua6X1asC0PpPoa5sWMSHf5z+ta3wvlgM3YyT0qdbEBb+xfQ1C8uKIWn9+M16HGr2FJbFgaQ06wt0qQevXmvl50+yq9obKuc+tG9DL5AFZX8bNQsq9TSK0sY5pQT5Qf5r6UyNOtioN1tKgcp3irtY/cx/wCUVVmo+X7Wof6xNWlGPzEf+UVhaiHTJIZi7Vmy7Ei1yCOuDVXxbg8mDJVgEpUeKtG6f9mSP5TVTW9xIiTN3ks0oOYUgA7eZSrsyoeH3Y60URc5a5qUk8FQ8qXJklBu8dSBwD0o23JImow2TlQ8ulcm6RoTgq4LE1KM6fZJ67aHdn6v2Z1Bx9Oi98Rv08zx9WgugmsF/P26RX+tl/CvzEf/AE69xqvSBsYP8QpM1QpKbsQr7NPN9GI7J/iFV7rHPyz/ALgrR1D+xid8Lj1amS+gHnuNbCM9UEUJ7U/ndB4bGTtSAPwqXMHgT8DWnXY/yJaIGTlP9KRxu2bHxHGo4VXqBf8AB+YUIl33jBTnI+6peiNqdWzc4ACj+tSewhsew35X8R/QUDgTRbb1OeSN2FHikcO2XM/90fyFdMupV/tZfaDuiox0INQdLgi1Pp64dX+tKdg1v7U20x7GrI4zup7sENLMFwFRBdUV8+Wa21wzHfmNyk/sLuP9UaTF5FlJ9bgj9aey0RFdSrqGyKRl/wDYf/8AkE/81KJcj2B7r3Rs7NRsjXZefpHOPTk1SeoWu/7TLon1lZ/IVdnZh85Bu/h+i4U/HrW+w6Ytj2oLhNfgsuPqdJK1pz6VeUeqe3oJ6eSjBMY+z9XzASBgJaSK9KeaRqZIVtCvZSQT5+M0Xs8JqJNWY6QhC0Y2DoMelIurmy/q+2pHQx1H/wCdFxx33LZZJ7oqTR1ruCL3InJ3MtrlKHiZOCN/ka6ZtvK2T6Nk1qRCZXavZ3G0lso5GKys/wBNI9G/61GR7V/fKCYvI/77MnyVoahqWo+FIycVqcUFthYHhIr4+nfEeT6gfrWeAGkg9KlACte2LQ8vV0Nr2NCVvR0bmgVbcnJyMn3Y/Cud06YmR2kLVHfC+82FPdkkfdXYc5hUh5G6a4y3jCW20jKj8T7qGLtTS3EktpBSrdwKDlTjXT3GsDUr6kLeibI3bdMxmkoKCpO5QIwc0Q+aivkDAUrzxRxxAbb2gcUsXtlbyShrIV7utLyXSkOwl1E1UtCQfEOlDFym3HcgZPlS5Fg3yVLWxBYffWhOVJxwB76L2+z6jD6EuWZ4c/SWpKR95JoclKS2RZyhHuOmgY8z2V+VcTuWtZDSgcDZ6BPux1PWmuoVoirhW5hh1SVOJHiKemT6VLzT2ONRSMvLPrm2CrjaI826RZrue+jBQR6c1PSnalQPORQS76iRarmWZbQEXu95dCuQfTHnRaFMjz2EPRXAtCwFD1wfUeVX2RTejTOYbW0nekFaeU8++iflQq6sOOOMuNhR7sE8UUHKfuqCXwhO1HbkIuzN2byXkZGD9E1IXBU/ZWFLJSpKkvAD1BziiV3a7yGoelbI6d1uaT/AP0qceOOJ3BV3IlNzVSEm9d5cJqHFENdE4HPnTLEjb0BtYSQlxSlHr1J4H3daDykd3cGx/GP1rfNtFxgSZF0sssqCzveiPklDh/hPkapOEcVyiueQ2BKbqUqfa+P/AMGUDAwOlRbj/m54r7Z5irhBTIcjvRVdFNujBB93qPfXrlMhxori5DyEpSPWpUk1fYo8U1Lpa3QD2FQOAeOtQHpjCQpJdSD0xTCwEKigpHCk5pJvaA1Kc4881zx7FVPcZrA625DX3agrClVLbP8AiKYfc5QLRKt9vkL8+8Ka16iuMiDY0ezLCQ6+62sEZyKTxutSr/d/VBel5FSMOzQZ0lDyACZKzgfE1XOultK7Q4XfHgTRgep8qsjsyTjRts97yz+ZqrdafOdpNuB6G5Ctar+Yv75BYto39C7LuoJmQweqnUgfhUO5Z+X048ox/Wpd4QV3CBjyfH6UcRDYDvfKQFO7du4+lKRTbv0ZfHkUOq+6aAs0f44tB8gD+lT520OklQ599fLy1lrcnhSehHlVeXdclLx+ec/4qZk+pL6C8VTMO0tQOotObSCA5z7uKarktCrTM2bf3Xl8KrefvdcSp5SlqR9EqPSj1gccVariHFqUO78z7qXzS8DQ5hlc4IVSppDcQKLqFFQ8Q6HmtnbVzCtn8o/Stt2Q58m23C0be8T4fPrWHbSP2S2D+AfpXaPyoX+Lcy9x07H040kz8KKA7rgofxVA7JcDSLOPs0QYBVPUcfXp/Bs2Zmp3jAHa+GZUIfxCturBjSjn/t/0r5rlOZ0P+YVt1gMaWWP4P6UTUfcQOwff5PwObmY+5xRx5mi8SPjHHNfI7OFH40WjM7RuNZTZps2MNhpGT1qNMkYBOa2SXvSly8zghJCTzUJFUmQL3P3EoQaX1Ek1ueWVrJNaTVqLpGUf9+n40elJ+ZTxQFjh5PxphlZMdBocxnTcsGvLKABXq1TDkpr1dFbDDe50T2lIKrI5kZ4NfOydO3TKOfKt3aUrZZHQDnwmovZKvOm07vSmGZKDOpWyq1P554Nc2vjbKeHos/rXSOoHQbc+AeMGubpZ/bpH/uH9a1vhfmYDNwfU9KIW/hwVBQOKIW9OVivS4FbE5Fp6DWN4Fb9UKCb4wT61A0Qra+mpGrzi7sK99Ccf8z+BP7AT1ArK7Wf9omrVjH9mjfyiqfvDgV8mn/aJq3Ip/ZIv8orzWtjWRDuJ3Fk24826R/KaqO3KQlM0bdx3nircncwH/wCU1RqpqmHZ4RwQs1ntD2AF3ZZTd421oIwrzphjLcLxUQjypDnTXZEptbiuQqibMl3vEfOK6jPNVUfDRpTgX5blIkWxpDyQQU1Dsds9hlv7foLVkCsrIc2qOf4RRWCO8cPuq7gr6q3Mdt8Gu/8AEZr+YVWuu1LTeUbfNAqy9ScRW/5hVd63ZUu7MqSrA2c1OdXgXuNfCnWrd+gpTVud2ng9DUjUaC9ohBUQMKGM16fHIQkqcPQ8Ctt6Q05odtIXlJcAyaRxrxG58Uknp9vU1dhzJFtv4wM7yOPgKS7knurzPax9arA7EgW7dflcHDpA/AUkXtsnVc8HqVA0tjj48vuhDQ7t/wALGbQ8TdJaJHnmroip2sJHuqttBxcOJVjpVmoGEAVsR4MWXJl9KO97kkUiqRmwIP2riP8Amp+iI3tyE+vH5UpvW99qyMMuNlK/bwrHu3UvNbsd0rVq/VfqRuy1rFsu3qX1Cmays7HZKvtOE1D7PreY1omLJyXnlnHpgkUbht7FOcfWq0VvYji+6VkmKrE5KfVCj+lLUq1rk3mBcCpPdttqaKfPJVmmaOQJYyBu2HFQoUVLiWH3HVp2ggIzweTziiRdMLVw/H+pOxhk/wAtabGjLYcz1Rtx99SF+JCktJUokY54FBbje2dO29TkiLOdQ0nKizHKuM+p4qslZeE6g4/33CtxltwIqnH8ncQhKR1USeBWh2bghXVvzPpSvdrul9mFOuNvll5Ke9ZgN5Urf9XfjqenHlQbTXyzH7+Vf3fY47y1L9leXlePQAdKahiXTbFJTd0h/ckobWhT2duRjjOPfUtSdoPFVbftaMNpKWFN7yfrLxs9D8PLNbdO9qtsKG4d9dMV9J29+RuQRz18/vqmXA6tBcWWnTH2bx0pbnKUFkIGVngColy7SdLobWUTy6U/6tGahW/WNqfeMyOtagwd5LzZSgcgZJ9OaTeCcnSQ9HUQiuSxdL29UCEovK3SHSFLPp6CjBpeh3oK2LdaW00vopQwCM9T6DPH3j1ozFlMykbmVpVjg4PSivG4ewm59btm016vGvVBws6qtDc9xt9SQVtZPIznikifLda19Z7YyHEB2OFlxtZSUEA8HH9asZx9xV5firALBbSpJ8wea1TLcymUmYGUe0IH08ckemahwUmmXUqTQr6kmaogyW1WySh5lA8SHkAhXPQ4GfvrDT+uZCVLianafgzGzkuIb3sqSTxkgZT99SJF11FPlz2bTYrc8zHeLAekSlIKiADnaAfWgzydXpvCjdrdaWoK46s+yuFaioEY5IFDacN0yY1J00WS2/GnRA406lxlY4cQrck/fW5prawlKOUgYBrnudc7varmo21t23uLI27HAUryccp6HmnOw9oFwiXD2DUVrkJeSsNmVCbK0E/xI/u/CphmT2lsTPC1vHca7vEkfKDJbYcUneOQPfTK4Q23t64rJDqkxu8kFI8xgEcfA9KUNR6iMYKQ0lWT0wMmrZMijyRjg5PYBdpGtn7HFCWEJcccWEAZxSzoy+RJb7ki/KVIAXw8jOxk+QWny+NTYVql3+6qclxg4Sk92055eZJ9PKnHTelLbbWlS5cFpmatspdSlRUjHmMdD+FKY4yyy6kaHzcWGPRJXf8Az/yGoqkqitlBBSUjBHmKUdUNlLpUOhpuiBAitBoAN7RtA8h5Uu6qR8yVelaMuDJT32NegyE2mRk4KnlAe/ioWr/HZI2D/wCJdP4ZohojAsiyeqnVYobqJtx+wt90hayHn/ognHWszGr1VfRf9hzE639/yYQ7Mh/kZaD6rWfzNVXqLx9p1r9PlGrX7N21taNsyXElKgFZBGCOtV9GtrV07Q0OOPhtyNK71Cftc8itjj5j/vkXxK4fgW7P2m4Rc/60Y/CjgPFL9yUPlCIOOXf6UeSeBS8OCj5I89O5sj3UgXxnxK9xqwpIyg0m3xrxLoi4I7iRKRmjNiTi1XD/ANs/pQ2UMKxRiyp/xTcP/bpbP5WM6f72PugNeGG02W1r2eMuJ8X31B7akjuLYP4B+lG78MWG0j1dT+tC+2hOWrd/IP0omkWyFvi72k/r+o4dlCMaUa+FFEA+28DjdUbsrR/koyMfVokhAEvj7VN4nTYjmVxgBtaDNxhD+IVt1mnGmV/yf0r2sE5ucP8AmrPWo/ycUP4KLqPuYEaf77J7oo6Kzk5PSpD7m1OBWXCEYFD5zwQkkmspGlRDuUoNIJzzSjMeLzpJPFTbnJLrhGeKFqq1E0YKrA1ma1qrjj6ycOp+NMUpQ9kSRS4n6Qo2peYgz6VElaGNO/EC5DgJr1a3PpV6uSGWdJ9oKCqyO5VzitfZKnOnMY8qOa5hI+Q38/ZNCux/HyLjHAyPzolmSibqVkotj5CSODXODw3TH/5z+tdTawCfkZ8AD6JrltzifIH8Z/Wtb4Z5mAzLYzQk5xRKCAlYzUJB5FTGT4hivUYEJz2H7R7m2SnmpusVj29g586X9NOkSUjNEdYLIeYVnzqXD/MJg+rwhO4rC2LefMOJq4oSswYn8oqknVlcKEfRaaum35NviH+GvL/El05qH8DuDC07/MXv5DXPU13E+4oPks10LM5hO/yGucJxJvtzT/FWUaOn5F11wd8j+aiiVbVo+IoM4w8t4bG1fS8xTAxbn3EoUtSU4x76lRb4NTJOMVuy89Oq3WaP/KKM2fl1ygOmvDZ2E5zhNHbH++dq0uDDvc9qf/M0fzCq27QX1sXCLsH0kc1ZupEbogHvFLl5021eJDDrzhQlCOg86nKnLAkvUPoMkcOqc58UVHPkPK2jnFTNRsML7PEJmOqZaLwysHGOfWrBmaStrKCQkrIQTk+tAu0qzsP6HiRUJDaFqBJzik8eJxlbNf4hrsebB0wXcGdhjTaLDeUx1lxvvTtUTnPStV5sEf8AtfN3LUFCMl3Hvon/AIPkRMe03NlQCkoeI9c1jqLT+oLlrV+ZbsNw1tho7h1FDwYrnkk/X8jLjmljS6XVoPaLjhDeRTmBxQnTlkfgR0pfUkqxzii8hbMdGX3m0D3mn0Jki2A4e9c/0rCZHcnR0pCe7UHEq59xoUxfUtuONxGVPqVyD0FabnfFRGC9dJ8aAyOu5YT+tQ8UnzwEhk6d1yG7RATaorzbkkrQtaljdxtyc4FfDMjoymOlTqvd0/Gqgv8A206dtKHGrcJF3kn6w8Lef5j/AEpY0zr++a2vbsZ8oh29LLiyxH4yAk4yrqah9MOdzoQb8KLe1JqODHkNxZDqnJDoUgRofjdPGcHB46Up3vtIFmdhRmYjVvD6SUuTFFa0gHBykcChfY3ZUxbiHHTvWZBUcq3c7D1PrRnXenbbftVMImhoKbYUobm8jAOTnmqzkmt5dK9SYxm7UVbXYeNC6ih3eOtxN3jTXUAFe1WMZ93lRq/S47cP2kFp5TRBKd2eM8nHnigOhNN2GHa0OW6DDS6QUrcQ1tKufPmiF6t0GHDSpiEylwKwgpBBBP31OCEbSjK/qByynBNyVCZqW6ydS3BVssMqZHS0AXXoigkHPkpZGR8BUCJ2XQnCXr1PuU1R52rkqwPwNO1mgRrZDLcZpLaSpSlbRytR6miEhe5tA6BXl54ppyrZFEr3ZTeouySA4yt23Spkdw525cK0+4c81XF10BdoalK78uIT5kHOPWunpqmgvBVgDnHkfcaXpyWdikNpSVKznCecHrj8DVlFS5O6migmNG3EI3LeS36becmmXS9skW65JkzX3JCQgoWlzOxxpXC0bRwcg+Yp8ftzbS1IbAWMhSs4xjjgn8ajIhoaV3qy4tQwFKUnOOmMD9BV1jRzmxy0tIT8mu2Z5W16Ie5ZWed6NuUqA/lI+OPfUm1LVAvcd1wpabfb7txpJ8IVzyPcefuxQ1LYLMae2FAAhp0A8gpOUKJ92cfCoV9mCGYEllDjznfJbSyDjHU8nyABOfuqnR2I6i1UqCkgpOQa+0t2e7JaiqVIWA2klTi1qCQgHnnPuoha73DuWwx1na4krbKhjekHG4e7PnSsscosMppmF13tKU+0ATgA/Ct0Z9EtggEFYHNRZDyvlxyM4fmXmQUfzDOaDrk/I3tPiSnBBbCvrHPSqPbcIlbpDBaozbAld2nBceLiueqiB/dUGROiTrkYCFEyEtrUpBT9EcdT99brXcEPzriwMhTDiUqB88oCuPxobqC33ZyfGl6eMNuQErbdL6TjCsc8dcYqr4ZMVvuJtx05JmX2MGo6HG0qB3E8gg1YEe2MW6dInoK3Jj6UpJUrKUAD6o8s+ZqRbre3a2D84p6Qvlx1fVR9w8h7qjzpISCScUDHj+Wg0pdbB9zmPKyXFdPfSBfNRswZba3lOJQ45sU6hreEJ8zjzxR+7SnZynWo5CUITuWr0FKM2GmRAksr8SUS3UpzzgeGldTOUIdaVqw+Ok0iwbFcIUW3qm2h5u6MqHzjza/EPcR9X4HFHrZeY1xbCSpCXT9RfhJ+Getcs6lfuWlp6ZVrfXGXnwuNnBIx0Pr8DR7T3a0t1oMartTqSRhM6I2RzjqpHT7x+FaeBxlBWqFMsWnd2dCteFpI6CgWpwDEX8KG6bvqJ7Ic09dWpbaUjcwo5Uk45yhXiFMUfULKjsuETu1dCpI3J/DrR5QdbbgUA9Gvtp0/la0JwtROVc9fSi2nJDTdpWtTraEpdcUtRP0QVHk0WTHtdwbKkNRnUnzCRUaTp+IuDKjRkJZRIQUL2DGRSOPTuOf5sn2r+YRyTjRosj7b0BhxlQUhTjqkqHQjJ5FUaysudq9p2k/54s4H31dNvtkix2iPEiBLzcdBSgL4JHvNVvE0lLj62t93ccSUsvKWpodeacU1FST7kwVxZakiKZM5p/lHcOFRB+tkYo0j6IoEm4hU9bH0t2ce6jaD4RVE01sClszzv0aWb231NMznQ0BvKctk1ZECBcEbXjRSzjFouB/gqFdEjfmjemYPtlumtJUApacUvli5JpDGCSjOLfqB7+P8SWcf7VH60M7Zk/N27+T+lGdWx1RYNqYJyUPJH50I7ZUkt27g8I6/dRNLtsxb4q+qDa9f1HrswGNKsfy0QaA9q/3qhdmf/dVjH2aJJaKJSc+as0xj5YrkVxgB9WDN0ifzV7W/h08r+WvmqiRd4gxxurDXysadV/LRdR91D2K6f73J7lKSF4Gc0tXaUVqKEnOaI3OVtSQDQBCt8pGefFWcjS4RrVbpKk7thwajrtsn7BqyWG0eyo8I6VFeQgZ8IonQLfOdldm3yAeUVrVBe+zTy8lPoKhOpTg8CocS6yMSVIU24Eq60YAHso+FQ7p/nYx61PDZMQVR8Dun3YHcPiNerz4wsivVCGmdb65P+I3/AOU0sdjjgVa1geRP60d1t3rljfAH1TSn2IuZivNq6hah+dXMpD1qkBdqfH8NctzE7LrKT6OGurb8wFQHv5a5avTfd3+Yn+OtX4Y6yMBm4MWx0NTGQdwrQyOlFIscrIxXq8LSW4jNWE7CoomI+NHdXoJbZXQi2xlJmN9Tz5Uy6sb229olJB461ac186LQNLwsit5+TYp9Fj9au2282qIf4aqWFaJTlhaf2+EKBq3bQnNmik+Sa8t8UkpZ9jQ06ag7Cj4zEWD9mqKfjNov887BuKutXu4MxVfy1W1s0w5NvcqQ6vLKldKzI1e43F0VpfNzL7QTjxK6Dmj9ptsuaoNssqPGcq4py1XpyDCMNaG053jORReVcbbZXGFrUhIKB0onWlwFlJySSRssMdyPAQ08MLT5Uasv790ULts5uelT7ByhXSpcASPa19wRjzzVWrFuGENQHbEHnzQq4XNq3ttqeB8SeBRSa0460BIcQkD1NQZSIDuzv/nlI6ACpa8CiuScTisvVPgWZuoHpBCI0VSsgpzit69Ouam0+1GvBU22hWdo4NF5Ur2aOpUKIgKA4yKDRZdzkSAue8GY/pnaKiGmnJOUnsNZtXjcejHGgjpiwWzSsV1iE4QlxW5Qzkk1KuGo0R3O6jxluLx1PApTv+vNNWEK9qnoddH+ja5JqrtS9tbz61JsFuDfkHXuT+FdDHixO2LOU5F4pucxwl2e63FjAZOTt/OkLVnaZpW0PL2PKuUtIxsZ5Gfea5+vuo7/AH5alXKZJcQfqAlKR9woZLgOwgyZLSk96nennqKh51fg2OWN1bH6/wDa5erhJUbWpu1NFOzDY3KI+JpOffXdXi7c7i9IcPJU6sqrGx2+JNk4luOsR0jK146VjAbjwbu2qcF+yfTHGSpGeKFPq5kWTpbIaNIaYtN1uDDT0hTwcUEd20vCufOrTtOiY+lXUuxFPgvBxpYcP1dp6UE7Gm7U9e35UBZVjwBKm8YJ5FW3rFJTFjuH6YKjyP8AZmkG3kTab27DWnlU0mv7oAdlriH5O5thLKEOkAAcnwdT61Nvo3auPGf2RY/Oo3ZTIdmOuOup2J707EgYATt8qNKYS/rptKwCkx1ZH3mu+IY5SwKC5bQXQyUcspP0kNOnmm2YEVCE7SlodTzj3191I82xDDkhW1sHOfP7vfRNhhLaUhKQAkYFIXalPXHl29rG5CAVpQfruE4T+ABNPaPG41FiOpmp20b5lzWUIShWxxY8CG05UB5E56UGnSpUF9pQmLWs4UW1EKwMcjGBj8a+2uH7HGAfdUp55ZeWpRydx6HNB7q8tcl9CndyAN2QoYJ5/P3VpxiuBKwg5fgqPudRlBJ3OoJwD646j49Kg3K7NwmC+hRwvlJSc8Z6f/nXil9mU7FmKWdqg4do3kYSPP7uKFXyQltuO3FO1l9w/NHolQIOU+gI8vKuapFkrH+O+48y2opT4Rnw84B93n/SpjQDiV7wnukjjjGRxQCzlxTkkHd3zQSPFyOeuPd0pghTWnpRYZWVFGDgA4NSVC0VpGX4W4oblN7mgDzuSPL7v0oXqB1z+zk51ltD0hhHeIbPIK2xu+/Kc/HAolM3vMtvMbfaoyu+aOTglPl94yK031fdR0zoSQqO8gP7SOFD6X4kEihvd0WWxTSLrKutwT7bm6TnSFN25tRDDfop4jyH2aeRqiU5LbtkCS25c31YlSWEAtxWkj6LflnA+HNVfd2nbHdLnDYSiPb47pU2hsHLqVeJBUo8ngisdOXmeha4cJMdK5RLJWlOXHFKPI3eSR/SoTvku4nSWmry1cIjb7ig6FuOBnKR4EpOBz6nGak3+EzPbQ4XEtpSd2Tzz16fdVbadu6Y7JYyVKQAwwehVj6WeccnnNHpF7aety1JdCnMnwj1Qef/AIkiolhUmdHLKHBPnt22FfX7quRJU+6UJW13pS0ClIGdo6nHrT4l5CmUKaI2KAII9K50v2o0FJCV7lHCVYP1k8BX3imjsv161Li/I1xXskNZ9nWo/vEddvxH6UPUYYwinEvhnKTplqTJIQDzk0kajvBSFtteJXnjyqXKmyLk+qLbEFxeMqV5JHqTWN8tbcPTyUoBLudziz1Uqs+nk9h21j55E6ReXhapUZLaW0LQoqUCSonGM5qZFSlyPMAOdst0H44TQOYnMd5I804o/aEEt3IHk+3Pf/xpTXz6cKX1QTEt7K+7ToSlpAbQVK5UQB0GBVgassbY0nuaQCtRaJBHomlbtNj7lKIWUbWlqOPMAJ4qzLu229boiHSe62pUpOfpJAGfypnDL/Lxvt1f9mjsyuUf77I5y1S1Mj6pkqgl2PLbG8KaUUlOE56ijOne1+72/ZH1JETcWMD5w+B4D1z0V99HnGm3tYa7BR4EwyUE+m3jFBLho2bfIUSVGS2YrMJlxzPByU9BRsCcNr4QrklaW3ctfTmr9P6khIbstxS1NByGHj3To+Hr91Mbd4uVvITJQH0D7Qwr8a5Wk6dUw5lA2rSeMK5Bo5p/tNv2nF+yyHDcYiDtLErKiPgrqKYjnjLaSBuLR1HB1Db5RDbi+4d+w6MfnUxUCO8tLm1JOchQqm7Fr7Smp9rTzqrVOVx3cj6BPuVTWkXW0oD0B8ux+oKVb0EUwsEJ+SQJzcXuhzft6GlF5GMipqPoj4UqW3Va5ramJkfu3PtJPBpmhSY8psFh9C/cDyKBPFLHtJFlJS4NyulBbuPmlUeLWfOoM63qfQQlWM1RMmirru6AojPQ0yaAfaTHkuLWAE9c1FvGkJbylKQ4OfdQhm13a1W+YwhAdS75+lCm5R3SD4YRnJRbosX2aHcUIW6lLgSdyT76Se2XYIEXCRxxS4q+XqLLtzC2lMtBYSpQ6EVs7a70kswWEEKynJIPuq+FuW9C+vSxpxssPs2XnS8YJH1aNrbV7QlW3gUu9l0gL0pEKRxtFNM+czDYLrp4FFTfVUVyDUU4K3wANXge1wzjncKD9pTwa0yv+Wtt+vkWc/EcbV4QqofamUOaQW4nnwUbUQlDFFSXqCwSjPLNxfoc7S3StROajRz+1N/Gvji61snL6MHnNIJGhJbFisKHsyOR0qM+oHPNRGkudwk7jjFa3Ur8jRRLpPPEZ61BfWMHmvrqV561BfQvnmqtF0gDcjmXRqPgxwPdQCZkSsH1o7FVhtPwoUlsaGl5A8xO145r1bbgMvmvVVLYcaOuNUNJVZXwfsmqx7HHgi5Tmc/ReVVo6mQV2h8A/VNU72UktaquKP8Aa0Z8GOuS57sAYL38prlnUhH9ppfuVXTV0fUWnkc42muY9QnOpZn89aXw7bKCyvY2RxkA0ZgDChQqIOBR22tBxQFerj5RN7jBpMIcv7CVjKTVhdpcBkWZCm0AEAUhacZEe9sOHoDzVnaxUidY0pbGTtxWdq5OOpxSXBaCXy5IiWhJXosAeQFNlnybLHHupO06mUrT62Ag5FN9oU6m1ttFshaaw9ZGs0vcaxu4hgpzHP8ALSbbrwmLLlxQ2ouZyOKbGnihH7QpKBjzoRMuVnhuqcwhTnmaTUJN0lYdSSW4g6jjX+9O7WxtbCsj1qXG0RLlpacuL5O3yUaNSdVrUSmBG6+eKHum93MEqcLaD6UytLN7y2LPWUqghhYVarJEDS30gpHQGg83UDqXs2s57zgZoRJs0KOnvbrNTkcnKqrzXGv4VolMt2FxD62+uDkD76lxx4927AXKbLNMe7THA5cJRbbByQTitl31ppzT0cCVNQpxI+ik5Jrm69a/v98WUuzVNNq+o1x+dBpUFYCHHXFOOL5O45NCzaxOklQWGml0uXYuDUnbmVJW1YYXXgOOcCqwvWstR3xSvaZriWz9RvwiotvtvfPJb28qps0xamxZriXGgtxCykHFKS1DfBbooQm4b7q8kZJPU0wGwSYLYVISFb0bkbaZ7fZVtMBb6BnGQKemYLbq4wW2lQSzzkUmtRKWTooJSUeoqFmGtduceUkpRggfEVbcLTNvuVoiSJbAW43GRsIHSk96KDAmJA4S4vAq2dLshWmIh9Y6KZhH7SiG7xX9SuNQWhmAq8NMsoQkxEKwB8aqu9td2+wkqKh7Mg8+VXprZrEu8Z84KP61Rl/XmS0eciMgUbLayJfRfqVh92/csz/B4Rl+Sr/1CB+VXLqlTr1v8RwsvOIST/KoCqg/wdUkpkEDP7Un9KuzV7Y9kZCEgZdzx/KaTi/Dk/i/oFxfex9v6gns1ts23pCZyw4FeJtYORt29BRSGM63SfRgj8zRCxI2Ihp9G/6VriR0t6qS5vBPdHd7uTV9ZfTGv3ok6V1KV+khtR0qpO1NxStbwA8XExI0Tv1EdD4jx8SQBVriQynhTrYPXBUKqztMjSbzqiNFQ7thR0IUQkDxqJPU/dWhgT6xLK/CCoEhTjLk9x0nvwQ0hXHHxoYEITHCy4nxJKsH6I9Bj1ohI8Uv2WOgluOAlPl0649/nWqWUpUEhhTuTnxDPPwA5p8WQuzHFKS6pK0LSpPhUtGMfD4Z8/Wgc99XeQU7UlQdBQnGPFtI/Cjt1itFBKFhCFkYzwoDzB9KS9SK9gSlK3CUtuhSSD9Lg/30ObpBo7j3G1BHtHeNQ1GRIU0ZL7yyMjAwEp/GtluvPLakO5cxlalfWVj8qQrRBkPR3JUhtbSH8KcdX4UJbHISCepJxmpUi9RUvrELcpYSEJOMgDzIHrVVLuyOlPZF1Wu7tyGEg4QtBHIGBkipBSZmnZ0LkLhurSgJP0UK8aOfvP4VVUG+rjusNubeoWUnqT7/AH0+6ZntLuTw6omN9y4E8gKSMpJ9MgkVZ01aK7rYp/tBmh5yAsDLzrAZdGfNBwD/AMBTWm1zUJ9mRbU+z9yMPScZ2eeB7ya6IsOnbVcbIqPdrbElKaddby62CoJJz169D+QpS1D2MwkW1Q0rLfizEnKW5Tm9pQznHTIPv/GgOVSYwo3Er4SnWWHbjNJ7tCSralYBUry4+NarRdXk2pftLiiESS6T6BfX7s4/CiFw7HdUNtxnX7hb3EnBd3OqAbOeB9HkfChMvRur2d6WLY+9GKu7U4w4laF/Ag1HzaZV4wHfZio8t5kEbFHIPXj41qsFsudzkIfjKMdtCgpL6vUH6vqatzs97IWnJCntXFbi28KbiJI2nz8avP4D8aI6phNwrsllltLbaMJSlIwAB5AUOeRyReMaYd0pqFm16ic09IwF92hxt08F4lPiB/i8x+FNmpGFybQ8WEFzIynb51SHaFuja7hupKkr2sqBT1Bx1q2OzDUbt/00xImNhDu9TLg/jScbvgevxoUWn4Qji66yuraHVXtlqXGcDRXhQUnijepGjFcJiEsocUXFBB6qPUmni/2dtCzLab56mlTVzeGEK91VeJOLvc55HaEO5qXJJ9oWp3gjxnPHnTVpaQ/OtLglvuObXVIBUc4GwcUqTFYBpj0Uo/Ij5/8AUL/5BQJLw0Fg25AJDK06l144W1pb9jIQpQ4I2+VM+mWs6UKOmYMb/kodK9qEnVyHlrWx7GpTeegynoKL6XIVpxe7J/Y44/8AhR8W9+wKXZfX9Cu/kd656oVGaf7ru0l1RIzuA6j76D6qtdsamywG1BbSN5S2fEok9TmnLS6P8r3f/tV0E1DHSvUtxB/1Q/pQsmzVHY+99itWLSqdF7+MgrBcKAn6xIo1pnVGpNMtF22zT3CFbVRnVbk8e49KZuze3Iet0FfKVmepOfdg0mXmEhF1mLZWVyxNU2GQfpDPXFMP7ONglLqdFq6X7UoN9usNi5w27c8chx8HwHinh20PEGXaJKXmz4gthea5qm2a9vuqLcRZCByhsAlI99fbNqPUOm30rt0iRGI6oJyg/dTGHWSg9yssSfB19YJ0xEBsTFFax1KutTFajgNSvZ5LndOe/pVKaS7cULQhjVEEJzwX2hx8SKfFJs+rEiXZ57LpI+gVDIokViyyuWy+hVuUVsWG062+kKaWlaT6GvqmG1ghSRzVVuQrtZ3NzDjqAOnmKIQNdyoigi5M70/bTVp6CdXjdoiOZftbDpMskSSPE2nI6cUq3/QMK4LC3kFZHTNMdq1TbLikd2+lCvsqNGgtDiQUKCgfQ0o1LHtJUXajPfkSbRbZFiZbjxU/syeqalSLlEfkpakg7fMEU2d0lScEVAk2iM8SVNpz64rsUlBnZk8iSXYrLVC4LdxZS0pKWd2TitPaRc2F6OU3HcChsx1pxu2jo0onwZpQ1PoJT0EstFQR6U1qM0c0FG+BTT4ZYZuXqznxTma+xVgSUZ9aerh2dvx84CsUCe0o8wvkKGKz1Fmk5J8BduSjuUjcOlanJLf2hQ82h9IxvVWly2PA/SNF8Ir0yJbkhH2hUOQ+jB8QqO9CdQOdxqE4w5joqqui6jIgrSZNxQ23ypagBVv2zs0mSrY2+FEeHNVdZIxF9iKIP7wV2NpwgWJoY+p/SqqKaDRySg9jkPVNsdtNzXHe6jpXqY+2I/5VK4xwf1r1Bs1IPqimzoPUBUu3OhKgBtqidJXpqy64ltyFAJcXkGrNFuvtwbKHllCDwahRezKOuV3sgbnCckmjKLZjJ9w5ddS29UBZaO9xSeMVRcqwXO6Xl+SwwoIWrIyK6Ot2joEZtILYUR60Tj2eJHOQ2hIHupnBleJ9S5Kyj1HP1t0HdnNu4Y+6nC0aAnNqSVn8qtZ2fb4afEtAIoPO1nEZylgBR93NaUfiOpmumKBPFBbsHWzRRbdSt09Ka/YoMeOEPrTgDpSa9qafN4YQUg1rbgXOccuuLwfuoeRZsu+WVHJxj5UNbt7tlvSUsBKjQqVqeU8CIjO0euMVoYs0WGnfNfSMdcmhV51xp2wIILrSljyzk0FrDB35mW8T+hM2Xa4qPeLUlJrJNqiRAXLhISMcnJzVT6j7a3nN7dpj7R0ClcCq9maqu9+lBEuW5tUfoJOBVJ6zpXh2LrDfJ0FeNfaesoKIwEh4fVQncfyqtNU9sV3cy1AiKioV0U6CD+FFrHHg2KxIlPxg4ojJJHJoFqAI1g+yzChhrB64pH/EyyLq7BfldJXV31BdbusqnzHXM/V3YH4UJqxrlohNsktsysbl1Ke0lbm7a4tIBdSnNCeXfc7ZFd21sqkDg4ozqIKa9m2nBIp7tWlYX9ivlNaj3/UUq6riEx47gwAnrQpS+1SZtabG56GUl6kzRsX2h1pa+iQead9Gxw5YriEpyVSFDP30B0BFKoJc8gDTt2ZsB2xy1DnMhf612FXNmfqtpUbVW89wrcnokUbhxcJWrH0W/wCla5E1ht56I8sJeJ8CfMiiXeNotUp9s7kobPT3ClcC/wA1L2/U6eOUcStcleJihcC4H0Wv9KsXR6d2lIRx/oUiqnY1Q0mPLaMZRLqlEHPTNOeiNYR/YYlqcjrSsJ2b88VorbLYKL+xcXzZ81yn9vu4/wDQJ/rVA6jTtfbP/pm6vDtVmOwZNwcYAPeRW0ZI4wTzVDXV5x9wqcPKUJQMego+fFJTWTtS/UHjmnBx+pc3+DYgliUof/Uf/wAauvUyN7UdP+1H6Gqk/wAGSNvtU1wnhL+fyq5JL/ezW2W4zjwBBKwPCOD5+6s/HG1P+INB1NP6Gy1japkYJOzAxUl1uLb3FyFhKn1/WPXHXr6CtSnxbineNzi0kJSD6eZ9BVH9qesJd/jybXp2U2GdxRKlb8b8dUI93qfOtBpJdUuAEbbpAPtS7UJL2qSjS0vY3GO1b4SCHVDyAPVI/OrCjyJEeywbjOfEiXPjNuFJHi3bQCrArmWHEcTM7l1JSsHBBHSrchWe66idbWzeHY8ZCUspbSseDaAPu9anBPqyWEz4nDFb23HOPEkIcWEhACs5K/tHpyfxrNQLTIU/tUdpJKFDJz193UdaUNSaY1HY21v2i6vy2UAFaXwCfuoFZ9byI00x9RQ0JC8JKyg4HvxT3zF3EFH0Dcq6NqfU4y/40nASvBPX1FKGopbj95YDTDb7iQVp3jjr1P50z6mgBUY3KzbXIu0qO1I4z8POlCzyQ/eXpDrSSlIHlwKHN3SCRoKMWi7XhANykrEYdG2iAkf/AJmiSXYWno60WthDk9WMK4V3fx/XFZPXBamlRI5U2hX08KyTny9BXyBCYjMqfmJ2qwA2lZJKs+ZHWrV6HX6kBDDqQ5LnJPfOkklR5z602aFn+xTi2426rvVAFSjgA9QQKCKKpDodmZS0hIICuqvTAz+VFW3d6kPJQGt5yFKSATxzUxRWTL2suNr+CFblBWfiKJGkns9nOPRgw7kOJTxn0ycU64VS2RVIPilcQffmHpNpkNRQC8oYSFHA60O03HW2iXEfXt3K3JSPqnHNMKs7TjrSxeTLj3ePPjSW2okdSVym1DJWk+Hr5dc/dQZtRXUwjt7I0C6vou6vaHQhlp0J6eXPWtmpdPsXPubg08rxYOU9DQnX8R6FDnyGDuUvC07Tg1n2U3o3axvW6W6lyTGSleR9hXIz76qnvTCyheNSQl6zY9o1SpySApbWEoOMcAcUwWidIs+mWZDISFKntJKR0WhWNw+/moWs4i3NRqQ0nLjqcJHTJxQvTkaTE7Mw1LCg+1dQFZOSPHQ5JqTaKTkvlJfUuG03eLerQp2O4l1pbZUhX2h0/EHgilPWSAi2hZ8qqTsd1TIt1zmWuQ6REfXvbUTwy6VBOf5VZwfxroqXboN4hONOtJIztUn7Jo9prYG1RztPmJ3HmnHQRDun3iD/AOIX/wAgr7qfQLER9XdhYSTkeLiimkrS3bbItoKwsvKUkE5JyADS84Og0JKyPcVIU1qwB9tbjcIgtpzlGUnrU/SSD8guJx/4Rj/kqDrnCLdJVCSlrv8ACH1oABdA9T6VWwnzWUlDU2ShJASQlwgYHQVeL6LT7oot6+jG3Sic6xkD0iq/WgGrVFrUd0UM8JSOPuor2ZhS7/JWpRUoxlDJOT1FBtXupOpLyCSnuwMny8qFkdtUWjGlIJ9k0cOWKI4skJRNWr76SJBcZv8AKfaZQ6pFwXhO3xH3ZqxuyFP+SrCuP87XSPbG1O6ySAFISbi4CvPB92KYy24yX1QvGlT+hYWgtG3K3Tbjc3oUllubHJCHFBQBPIpCvelrk4+oORFpSBwcV1FaGgICGSoqSlsAc0s3q1MOuLyV9fWsSb1eofVhSpNre72dDUI4/wBuzlOVY57LhSuIsJH1qjR1XO1Pd9AcdYdTzlBxXQty0/GVnO78aUrrpqP4ikHNM4nqY+ZL8CZQxdmwXpXtkvMAJj32OJkccFWPFVl2vUGk9XNAMvpiyVfUVxzVM3GytIKuCMUDdgBpQW2pSVDoQcEVpYdXkg7ATxRZfly0bJZJdhLDqOoU2eahRrpe7Qval1ZSPqrqttOa8vthUlKZKpDA+o4c1Z9j7SbFfEpZuzKY754yR51q49esi6cqsVlhcfKMVp7RAkhFxZKD9odKcrbqG33BILL6cnyzSTI03b7m0XbZIbWFDIANKty0/cLY4Vs94jHmmpel0+b7t0yPmTj5kXqClYBSQR7q+ONJUMECqOtmr7vbFBLpLqB69adbP2iwpO1EnDbnv4pTLocuPtYSOWMhuk2ph8EKQKBXDSEV/JCRmjsO7xJaQWXkHPvqaFBQ4INK7rkJsVbc9CgAloUpXTScuPkhBIq/ykHqKjSITToIUkGus7dHL86C+wohbKvwoYtAJIUjH3V0tcNMRZGctpz8KVbpoJhYJQjH3V1HdT7lJ22MkXSOo4wFiun7C+wiyNFTiR4PX3VTtx0S/Gc3NA8HNRrzcrpBtvcIUtJAxVW6ReK62KPbE825qgltQIwenxr1KN0MqVLW7JUVLPma9QDSjJRSR2ustNp5KRUMzGkKO3k0IZW4+TvJNSIzLq3MBvA9TWisVcmN1XwTTPWvhIwK0yO9ejuYWc48qycaYY8Ul9KQPLNA7xrix2VpW99skepqPCuCd3yKq7HcZ1xc3lwt54yeKOxNNxoaQuY6lOOozVdaj7amUqWi1slZ+0OBVaX3tAvl2UrdJLKD9VBo89Y6pbFVi9Toq56t05YGzudaKk++q91H22jCm7SyVeQVjAqj3FPyVFbiluE+ajms48dSleJJxSc8zYeOMYbzrm+3lwh2WttCvqoOKBORJDp3rUVqPmo5NSG2m0LG5OPuqW8UpaCmlc0GU2w8cPqAnmVtHxjFFtJR/aLw0j3is0x1y8FSCoe4UcssZq2OCS42UkdCRQZ5VVDcPh+SUfmJ7ItLWEZMbSDYAwdoqH2bRQp1lwjzpWm6sfvrQtjTSlY4FWR2cwlsMNpeThQp6EFHTJd7M5yuTNmsLOm43gL3Y2Jpdk2xpu3yihzcQk0/XNoG4ST18BpcdYZNpl7WiFbTzikenxMpJIF2ppJ7LgT1FV7qkA25v1yKsS0jPZkR6Ej86QdUI/xc0T6igZX9svY9R8Mjegl7jL2fskadfc9Emm3seTv008v1fX+poDodG3R0lX8Jpl7Fk50eT6uKP5mj6db2Y2vVZZL6gK75c16kHolJxTXju9HXBf8AAulZ4b9fv/woNNdz+a0FPV0+bVWdpXeuyP6L82aXxOPTgxx+i/UouKNxpx0XHC7sycdDSfA5xViaBZzOSo+VaqVsw3wFO1KKmTZ9p4O5CCfPBUKqXXmnm7Nql2BBSt9CWW1gK6kkVb/aOxNkwvZ7cz3ryygjPQYVnmj+n7HKvDjUy7w2W39iQshOelOTtxSsBGlYK7AY0lu2XFTzBZU8+FAbNoCcDyq1JchqChKEDc8v6KB5+8+6taFx7c2lhoJDhHhSP1qhO1/tMbYclWayylLlLyiVMRzsH2Ee/wBTQccOlXIu3fBh2u699ufftFmklRbOJUls43Hp3aT9n19aSLa13cKKCMHvSPyrd2ZwNMXJ2Q3qCfIZaQM+FOCok+tXPA0j2fOw0hN0eSlshYK5ASST6cV2SM5RuuScGaEcqbfDKMlqRKvKQI7TaW1lKnG04Uv4n1qzrg3Yp5ZRbJcWJ3SAja0+GJLa8Dle7wuZ9+KXNb2W32bWjka1OuOQ1pQ8nerccqHPNZJm2WRJkNXGHMirSrKHYgKlJH2h69OQfursHhnX0Q9rvtMEci4cn+Y1S75cI1uWm62m4OW/KQZcVaV46Dd4SRzSfdIlmvjzrES5MKlKB7tuUCysHPCfFgfhRqFZ9QNlLml77a34r3i3paCVOe5aRxny6VHfkakt7avlPT1ulpyU74wU2ojzxjgD8KdtsyEhUPy9p6P7G1CXg53qeILYT9x5oJZ5akKU29hlSz+APTFGtR3cG2KMazNxO7GHe93KWOfIqJ4rRpVmDeI4aU433x4Lazgn4Zof7VJllxbQ0WtiHGaQpJLqvpEhIVk+ZrY7GmTXjLkslEZCsNhxW3j9RQx/S9wgOKdtr6mmQnqs7jnzP/8AVbos+7Munel25JGCQpnGAPef60a3VMj6ozTHdccCW2luYVlxSRuJxWyX3jLK0bdu9QIUevI/LH3Uet2q4rDfeO20QXBnhR6gj0Hv/WtiNPzbtKcmyJUdcc+JAbHGM+f49K5Fb33J2gbg9Cmx1ukqjrPC/UZxzVz54yORVLQ2Yttk9yvcCspUUKUCR8MevHFW7ZnxItUV0KCgpHX1xx/Sh548MJglu0S+aC3iK29AuqHEhYWzylXTAozmht1htz2nozi1th9BQpSFbTj40lmxvJjlBd0NRdNMVtXSlTez0SkFIcS3tUVdBjjmq47B3XI99uTqUlLDyUJQrBAVyc4PnirNt+n5aLXOskyQwuNJR8woL3njyI/Cgdot4tWoIsNKUpS0gIwkYHAoKhKNSl2SDPJF41BerGrWOnItyCJOVNuAbd6Dgiq6vrsqx2RizoWHgXjJW+5ypSt2RVo6ZnoucJ+K+oKfZWpKh54ycH8KrztGYLTzWeqcp/OjOnG/UXXPSyqY0FMGWVtZ3OkBWefrA/rXQWn760m9mEtZEtDAWpsn982MDcPenz91UgttT8pltpJWtSwAkdTzRvXjr0LX1lkxXFtPtqQApJ/iGR8OooWJv5ozKKljUV6v9C/7nDauUMg4VkZSRSI/Ddg70KUpJSo4Puo7ZL8yuatpCwWN/drT5sO4zg/wkciiV/t4lxVlAwsDNMTjtXYUjKmV9qBPfaeyeTtCjVWyOFmrauCCbGUn7GKqScdrqqFPktjG7suBN5lEeUc/qKl6v01HaYutzfXvdkqA2k4SE/38VG7JyFXWd7o4/wCYVq1FMkSLhe2Hbkh5hogJjJbwW+fNXnQ2ros21ZM7IAP7LNA5x7SsikKPvZ1K26GFKBuDu1QVnJ9MVYPZEgnSreBk+0LP51X1nEuTrhmPDkbFmY6sJXjaMedM5E6k12kv1AQj1KMfVHU9hKvY2gsYV3Scj34oXdB8+oUWsu4NJCzlWwZI9aHXgYfNZvw93jl/FL82MSVNL6C/MZ3g0Dlw8k5HFMroHI86HyUZSackjiqNSuj212O2jK0jj31X8+4KSlW5vbg461Y2q45Teu+QCSk4wPPNJd4l2VMwokxlNPtqyoY+lQznsLb0xSzkDAx61pMvd0TRuZEZuTRkWuN82ODjigz8BxCcKQEn41WM7W6o5r6hOy6vu1ldSqFKWEj6pORVqaY7a2nEoYvzAx0K8ZFVKm2NORU7TheKGSYLjJPnRceq3oLk0OSMVKtjq6I5pvU7IchvNpWoeRoDfdBPpJdiYWn3VzbBuMy3OhyHIcZUPsmrL0p2xXO2lDVyHftDgqFaWHXTjw/+TPlgQecTdrK74Fuox5HpRy0do06GQmYkqSPOjtn1zprU7IS+W0OEcg8GvXbREK4Nl22vJOeQBTnzsGbbIqYPplHgYbJ2gW6eEhawlR9ab4s5mSgKaWCDXPsrR8+BIBKFEA9RVl6fQ9HgNAlWcedL59HCK6oMtHK+GP8AkGsSkHrQFmY82Bu5FTG7mn6/FIvHJBepEp6G04PEkUGuOmoktJC2kn7qMNTGnPorB++pKVBQ4qm6JKwn9m8F53cGk/hXqs1QGa9XHW/USLrrKxWZtSi83kepqtdSdtrKN7dtSVnoCBxVCSZT8lW6Q6tw/wASs1glpRFWeT0JUBvvvaLfbqpX7R3SD5J60pSJD8lZW+6txR81HNfUsKJ5rcUpawCM0Nyb5LqBECSTgCpseApxO5WQKybUjIO2jC5KFQg2hHixVGw8cPdnrRakPHapzFbLnHFtcASd6TWlll1CAcKHvop8mLkxwtWVH31SU0MrGooitRVXGPuQjAFSLVbWlpU0/gKzjmvRJb1tSpBaJSKld2ucWXmAUncCcH31ZLuysm7pF26M0JbRaGXHWkqJHnULtJskCFBZS20Egkc4p+0gNtgjA9dopR7V8LbYQroTVcsUoukDw5JynTZV9shx2r6ypsYTjmrg040nkoqqLAz/AJTIT9JOOBV02RoJxhO33Uzi+6iJvzASG078o3Hvjn0rCc1izSQCn6B4o/MZQiRJKRglNL0pGLZJ96TQktys5UKtjG7s3cHotX60lapiOrtqXUp+bSRk07ae57PJI9HFf8xpfv3OmHfTd/dSeRXnXsz0vw6bjoLX7yDOkhs0HLV6INMnYuMaIbPqoml3Tfh7PpefsGmTskUGtFtJIx15pjT8GX8Q/wBRNfUXoZL2u5yvIJxTZqbDXZ5OJGPmzSrp5Je1jcQjklRApo7QVKZ7PpjZ4Xs2kVm6FN6vLJ+i/U0vjlR6IfRfkUVbljw1avZ01ucKvdVTWeLKkOobYZWtR9BV+dnmnZsWIHJKNhUOAa14rcwJPahlt1vRLuK+9GUoSD+dFrtcm7a2GY6QuSoYQ2PL3n3UGlXFVnuBYbQHZD6MJAPCceZqlO1jtEMUyLTZZHeTXPDLmJP0f4EmmKSXVLgGvRGXat2kriqk2qySu8nu5TLmIPCB9hH99Udkkkk5J869ySScknmvAH0NBlNydsulSJcI4KqmoJJ61Bh5BVVs3KJG/wD0Ns8pMdoSPbVAuhA3EZVwT1pnG6ihXIrbNdvtsmXbLdczhTDLDTKiTzk7sfpRd5FzZaY2vwEwXCSpx0JcUyn0A9T160T0XaJc7RUJXessW9bSXHHF8qBQpXT7jVfX2XPtWrJLdveei7QCO6cUnvEnzOPX08qGrjmtcNGnLJGeijDumHlWRMqQt2AJT7jnR1MUste5Xi3K/ACgN2d1RZ0lz251KACnh4/8pz+tN8HUM6ey2l57GOoQeT/vKyaD3xsS1KKw4pwDHKuR8VH+lOPFsZinTEFVzl3hRRNeU6gHOCf6Vuh2dLElpbpKorigkqT9JsnoQfdX2xx0t3dbCsAhfA3ZH409OQG3oammkKWVo4KlgYVn4cn4GgQxuSthJSo2RLhd9PoZ9sBudsUDhxKMuJHoumyE+xd7eHrVJWHCcqCTg488/pzQGw3N6EUQLk2pJcTtQpScJcHXOT519uFtajy1Src57M+ohSmkDhQz5gelMJAiXMtU187XYDi3t2ELwcbff/8A1Wa4g0/EbdelqU44R3TalnCc9eK22nVL7ig2tBS6gFJJBAz6k5/60A1Zifh1D3duNKykJVylQ6KJ8jnFc+LR30ZIZcfeu7YeCkZypS3U4PuGD0Hljrir70yoLscTCdoCcY9Oaom4Tm7tardOZUSHgSpSSdyXeik5x5EfhVudmsou6eSytwrcZURlXUj1P3g0PKvBsXxPxDZnmtElsKIOAcGtqutYOdDSw2aL3Et0Jtq4+wtd+wobVpyCkHg0Fl2tR1ExcQUqYcT08xnzqL2zajkae03GVGiokqkvd0QokbQBnPFbNC3Zy+6MYkPtBqSzlC2/TH/Sl4dTk0+CX0qCae4vh1/S2oYtzkraECY+Ybh3cglSik/DP61I7TbVLmQRLgs98jcTwecVUnaJcJ8qW7FkSnVsJkEob3eFPPkKuzsqvqNTaSS2+UqeYKo7nvKeM/eMGrxa3h6BcuOsUMvd2UpARcoV7hPGMR3byT4uR1o52kNj+21ryMnvU8/74qxbnbGmZpSptOUq9KqntBvMJerojyXS6qIsd6UD0UCQPwrujpkmUhkT5+ppuWpntK9rctwhTkF8palMj6yMdR/EOo/61fdhuoktKiuOBxxKN7Tg6PNnoR7xXK+sZzV81Y/c2AtthagQlQG7gVY9j1QWbUG1vmOpEZLkJ/oUOHf4D7jt/H41fFK10vuK1TY+yUbraoH7NUve193KcTnoTV8WKPHu9qDalONTGkhD7ZPIOPpffSFrHs7WhTkiK+pQJyQajJB3ReEkuQb2POFV1uJHQMJz/wAVBdQv99O1dsZ2hK0J3gdTuFGNBId03NnKksOPpdQE/NHlOD6Gs7FZY15vWoUSXpCW5qd4b2bSCFZ685oXSm0E6mk/qHOxtP8AkoyrPV5yq7tsJdy1SyywpQdRIfd8PXg1ZPZIwpnTGAMpQ+8k59xNIGibk7F10wtDCXEJW+VHPOCaYyV0Tv1X6g8F9UKVs6Y0/n2dvPXuk/pWi9Jw5n1qVZiCMj7ArVfE8A1k/DHeKX8Uv+zDZPOAHkg845odJSeaIuHFQpHNPshFc6pJZvUQ/VKsqHrVSa+UheqnlbcIOMiri1g3uvEED1qodZoSjWxSrG3ejOfjVIrejm63CTYVA0op6LlvcrzFJT70l5RUtSzVs9oy2k6cQiL3ZbCUklPrVfR0ylxmSiIVJWcJPrVPLwMYowzybyPp9kSLIhS4yck7vfW11oh8hQzmp1tjPM+F9vYr0retkGQMis+eSps9bi08ZYI1uLsuG2ogBOCagv2xxOSjkUzXCNhxJTXnGiG+R5USOoaSoRz/AA6Em7QnYejLCklSFDoQcU16d7Qr1ZlJAfLzY8lHmtTkNDzfiAzQiXbQ2fDTmLVdjF1Hw2cN47ovfTHa/b54Q1c0hCzx4hVn2q72m5MpMd5HPQZril1lTZ5BHvojaNQ3K0uBUSS4APqknFOxzJ8mbLE4vc7TkxCpGWSCPdUGRHWIzm4YIFUbpPtkfj7GriDjoT5Vbdl15abzHA75sFQ9aNGTrbcE0V3ctSXG1XZxLaipsHpTHY+0tPhRL8J99TL3peNc1LejLSoq54pGu2kZUcnagkD0FPrFhyr6gXJxZcULWNvktb+9SPvr1c+LizIyikFxPur1Cfw/0Zb5pW/cNhnPnWjcQOKkvApRjHNSYEErSCsVjtmio7kBBVxW5thUhwAUWVbU5GK2748JQBA3VXdq0EpLkjItCwgGp9sithwB4gYra1d2UjBHHwrWEKnzEd2lSWyeSKpFNeYNtWw49zBXC2gp3YpXmSpEJ0obUlTZNb7lbJEUIUwXSnzGajplsgJbeHi6HIrpTUa6UW6b5ZLYVGfZy+oZPvrNtLrEhhMMAtFYz8M1mmDBdY3d4AcetQY01xu5sR2yC1vAz99Qne5VK2kdUaWH+Io5PXaKRu1gkrjpBwc0+aZ/7Cj/AMtV12tlxclhLX0s0TM/ABwL7SXsxMsRXHv6FgblVdNkUpxpKljCj5VS1hU8m8o3pJUKbzrxu1Su4eaOU+6moRrDFib3lsP0tGZTw9U0MnQNtokL3fUNQ9P6mZvr7hSNhIwM0XualotkhtQ42HmhV3InXcrXTf8A3Bmj0dX/AMxpevmTp1aR5qA/SmDS43aJuI9Hl/8AMaHTIiXtNPOqVju1A/pSOT/UL2Z6H4e//D3/ABoPWy1S42gHm1teJacgUW7NkBvRQDnh2KVnPlRBy7RTpBK23kkJax+VIWjJs+VbZMSQC1HDilJKT9IE05jiorYx9TOU80pSW9krTU2DA1LJkuzWj3izwOo5oxcLO7dnZDrch91t1eQ2VeHHwqDYNPxZM/Y1GTgK5VirbtFqahsDgcCltJp/kuUm7sNr9TPPNSnzQB0lpKPb20uOso7z4VM1BqBMJXsNtCXJqh1+q2PU1D1TqgodNutBSqQR8479VoetU/qbU6Gwq2Wl0uLdViRLzys+YBrSpY0p5PwRnrd0iXrTUBbaeFqluOTWztekg8KKuCBVFSAVS3SvlRWc/HNWzZrUV2N554YAcRgevNVdcgBc5QAwA6r9aVjleVOT9TntPpXoYMoGegolFbTuHA/CoDNEYnUVZl0H7zaYydHR7klARKEju9w+skjzoC5dZxtDdsXLeMBC+8SwVeAK9cU56kTs7OIR9ZQP5Gq7cVk03ja6RbJ5i3kX9cfsuslsjr2qfQ4XldNqEqJx95pavTblz1VPfZyUNRUunIP0RjP61uOBoS1LPPzDoHuO81ZehobblwtT7qUlmRHcaKVAcgp86Dk1Dj0pLuPwwXB262TK1hrVs8G7HuziijFpn3Nf7PFddBwMhPhx8TxT7pqzwLXcpcVcVovMulIKk7iMemfdT0HEd2MAAe4UvP4q94xjTXqTH4fHZydnMOrLHN09fGStAKnEBeGzk8U7aOkpu0HeF4WkhJUPI+QINSe3OO4hm23KOMrjvFKsehH/AEpagxVNx2b1ZlcEb3Wc8KA68etMaHPLLDqfPcW1WJY5dKHW7WRcphYeWvIJPCcBtXXI93wzWiDPlRovdXFlt10JOHEYBUPQ+h+Iorp66s3eI2W3EoeRkKSUgEH3k0OvulZE+QpcK4hgpGduAEA+nHTmn72FFs6Yr6gu7sdtcZ2zvR3CrflQyT7zj3UvKa+VGSpiStL4GC0RtGPdVlwbXqKG2ll52Nco6eFJUjCgPjUO82+xNoLs1tMCQOSlpeQo545qtWWuuBb0UpLdrcgyXFI7mcFZA6JUn1+II+FW5oWU23qZ+K0o924yranyykjn9arCGqOxcZTIQTlaX15PKR9VPxwST8RT1otxb+sYTycFIS8kEZxt2Z/WukvA0dDzotZXWsVYIx5V9WawPSlB4V+1ayP6ls8aPb5Udl6O4Xld8DgjGOMUJ7NHXIE2bbLjMZdkOICsIPCjg5wPhim4vIVObQ4OFgoNVDdnlWTtADiDju5AB/lPBqK+X+JVxvYXe0dptqdMKlYdDo2j1z1pi7CJ5tsP5xJ2TZpaSfLcEk/0xT/rfTtvuSW5LzCVbwD086RbTbnrNbbcy7s735WcdSWzxgpURQlBqfUMfNWTFHF6WWtqNxcV+NJiQ0zXn1dyhoq2gkg4OcHGMVOi2K3yYrTj9stjjqkgrUplK+fPxFPPxoV7WiVEgAqwUSQQR5eFX9eK32KfPktPNxURkNxnlMfOlRJI8+PjVc03GUYrvf8AKv6gcePrTd8H24aMs8hhxr5GtI3pIyGsH4jA4qgtVaA1BAW5HM+2hlJG1IUscDOMce810hm5EklcQfAL/vpM7ULbc5ljMhiaiM6wclTaVEqT6YJpTU5M6heJpe6D4cOOUqkxN0JeZ5abRMeZXe4ScFSFZEpkev8AEPP8atSJJjXeAHWuULGFJPVJ8wa5hkm9W+c1KZualPMrC0q2Y5FWrpXVKC23dY6MR3CG50dP+iX9oe7zHu48qa0ed54dM2nJehTU6b5TtLYM3ey+yynXG0+FQpQgyJUSfNcgEIfTnBIyMVcRQzOjBSClxtxOUqHQg1XV5tyrZOkO7TtV0NFlHcXi9jDs7WGdOuxn3MSlOOuqx05yeKqvQL7ae0V3v1LLZQvgeuadGGnZNqeDLq2XCVYUg4NI2jlG19owO9KtqOSsZzmrzaWKVvey2KN5Y0dZ2Y56DA2Dj7q9eh8ySfKsLa+htpx9wgICAo/hVf6/u0mfCc7p5bTX1UIOM/E1j/CvuG/90v8Asy+Xz/8AAZcebz+8T+NQ33Ec4Wn8aoaU/LS4oCU+P/3DUCTOmpTxLkf8ZrQuyaLO1YtPyxBIUDz61T3aAC5q95IOCraBTLY/a5lnkLcfyvvkpStZyRzSjrVl5jUjjbzgW4AnxCqrkpJ2Nuo7K5ZtHlp58vKcSF5JzjpWenZNvVY4AdkoQ4yrKgaCX+VcUWlti4yEPBSBt2noKL6Ps0ROnxOMYTHnFYKRgkDNUnwGwbS2Cano8mY6tshbZ6EVDU1mV4RmjT8NmA8gR2AhCk5KfSoLSSqaSkY91YmV1kZ7jRv7CL+gMmt4cQCPOtjzIU3yPKt9zSTIRuGDmpDrGGNwPlVb2QxKKfIFEQhPhoZPaIcGRTMlPhofcGQpQ486Liy+LcXy4E1sB3IqHG+UjpQd+EC6UoFNq4pDfHPFByjbMwRTeHK96MzVaOMkrQuSIrjSuU8V6LMkw3AqO6tsj0NNMhlKwcig0mGFKISKbxaizH1Hw1x3iMune0q6W1SUvrLiBVqad7TLbc0pbl7Qo8HdXOjzC2ycprUlSkKyklJHmKehqH3MmeCnTOuhFstzSHUKb5r1cvwdUXOE13bche33mvUytV9QDxfQ33hltkhTZGRUdiY64NrSeRWghTzoS8o499FoUVhlWQus1yrY0oxshNSZCpKW18HNTJdvcdeQsqGK3KRG77KSCutTyJinhsJ2VWcn0hYRVkx23ByOkeEYrbbJD8Z4NpaKkj6wqDITN7vhRAHWjFhvMZhIQ+3lQ65oGNOvULMkTr48CG1xyEeasdKGPqivg7QC4an3y8xpCVNstDNAIrDocC0nJ9KI421ZF/QmMW6SpJVkBA561NgLaElhG3xhYH51il+U00d6SE1Htr7T1zjhCfF3gz+NXadeInCuqaSOr9NcWOP/AC1W3ailTt1YShW3GTVlac4scfP2arTtBJcvqAD0TXZ34EAwLxzf0YG04ylN3QVKGQOTSxq851C/g5FNemmO8uSSlW4jNLWsEbdQugjBpp7YY+wlHzhTRhW08FoJBFWYZ5ft7yF8nuzVc6TTt5pwacIDqfVs1SL2Oybi7pAbtI3Yejzn60KvCi3pN7aSCTyKNaDQXtN3pA8nnP1qUu2Mr0qHFjcVq5FJTi5aiKXozb0GWMPh8nL95AnTERMrT4KiSnH0c8U06SsynGFICMJ3dak6SshciBIRsbPlVgW6Ezb43kkAZJNO449EUjK1WX5uaU13I1ntDFvRuCQFdSaFamuzrzLsa3ud2MHe76UJ1Tqhc2QqBaV7WkH55/yAqr9b6wEyK5brM4RHSNrroPKz54NMdKwx65/ghdtzYG11qkMNuWmyuHCwfaJIPicPmAaDWCEUxYkkgqCVJJFBn2D7U3v/ANVTzpxA/s4SR5I/WkM2SWSacvUjG/tHH0GWOkDTLyiOCtvp/NVE3T/tWXx/plfrV/tIxplzA+s3/wA1U3NtwXcpRVkZdUfzqujX2KJyffP2/UAt5z0ojEV4kjHnRuBYkOkeJYqxdCdnrE6ah59S1MoIJBAwaa6WzroE6ltUuZ2eW1mFHceeU+kpQkcmqplRn4sp2PIbUh9pRStB6pI8qv7tm1C3Y4ESLbnEtOIXsbwPdgn7v1qkbmGvb+8ZdU8lxKVlaupJHNFk3BJHfL6l1WM9pltytPwbW4AHEoWEnOQdysgH0NXXouDPXcrc0uAhuBHQVB8q8RynGNuPzqgtOjNxj+5YNdWxpzNv098ozVJZbS0CVK6AYql3Gq72F62l0+38hU1m2iDqxuSgbW5SMHH2k8fmMVPjPlxPB4IoPqyfB1LbUP2mY0+7Hy4nuz0PpWvTcsS4iFbuayNZjccnUuGaGml146fKIvaXB9r0rMGASgJcH3Gqv08uZp+elhxsGNMwpncncN56fjV73KB7baZEVf8Apm1Iz8RxVMWR6DdIjlruTymZbWWSV48K08Ag9R0p34XKlKPcT163TPlz1E6xMK02txp5SwV7fokjrjHBozZ71ZrltSmTIgyxklsrKQfhnn7qIWlcyIz3N/btyre0eJKXSFLV1Csc/fRefBsd+ibUqhK2pACwPECemCOla+6M10ae+n2llR9o7+MpO5SlDOPQZPI8qWLrCfed7y1vvsSFErS680lw88nGegHwznnNMduYkWbvGZU1mVbk53FavEj069cVqEBiSje067lJ4COUqAH9atyim6BVn025DtKXsia+44V94o8k55Jz9ImnzswZUqXcnH1JU6yQjpyjdyU/kKSdRagmxIymLf3a39oSFLzwPXHT14ov2GOFmVdGJMjfMkITIWM5zhRBP5j8apkdR6UFxLxJst1dYV9JrAnil0OEGYgAhwAZQrdVb9oemJknUKbiw62WnilePMYqzn/Ekj1FDLi37RZGlq+kwvafhUzjcdyJWtyQhJmWBSFnLjX9KpLXd6nRrkiLGcDbbKu9QQnJ3EEZz8DVk6Z1XAlat+S48gLDjKgoYON4PQHz4qs+1eOI2pXUAdOlBm2o7Ex8xP7PNTzJFybhznlurU73yFkDgbSFD9DVvaHc3t3YeXtyz+IBrnjRLiU6iY3EjwLA489pq/ez9ZLt8R0CZacD0y2mlMsm8mP2l+aDQXgm/YccZoZqaMH7FMbz1RRVPStE9AchPoPmgirzipRaAxk4yTRzzeLQPFjGKXrU+/Y7v3rQ7xh35t9nycQT0+I6g+tWHd28FYxikqexmQgkchQ/WsrDJ45JxNLJN5I1ItbSM4WtsMPO7oDqiWXFH6GfL3c8EetM15t7c+KtCgCSODVRB16G5MZnKSLRMcLYWTyy7wArHofOnfQ9/dLqrLdVYmMcNLUf3if769In86HzFz3/AKmPJdIDValwUutkYHNVbYWGD2qpYlL2NqwM++ulbhb0SWVHA3Yqsbj2fxot1RqFt5xT+5KFMbcgK3cEYoGRXFhMUumSssy9r7mzyAg4B2p+6kq9I3wFg+lNupiRZHvXcgUsThuiKHurH+DO9PL+KX/Zls3mX4FP3Jva+vigk1PhNNN7a2vq+NLU4cGtJFhg0O02u3nekKPtCePWk/tMGNYSQEhPCeKc9DeGACE5/aU0n9pxKtayQRg+EVyBvkxujK5mnkTFBLfdDbtHU0Q0hGuiLK/Jt85KEgE90RkUQvcYsaCwpoJUcHdQ3S79xasEhuK233Suqj1obmnHqGMeN/M6Q1pqVMubJXMdKnhwc1PLakTMZwag6cYfYbBewFHniiaigyvHWBnknmdHt9GmsEU/QgTyTJRuOcGpzoQqPlJ8ulRbg2kPI2nPNbn8BkDBBqG9kNtXVHoqELThVD56Al0AdM0SiLRswoVBngd8nHIzUw5Kvlnij5sfCg7jIM4cU0d20qLnorFAVD9tomJtWCmlKJqfjHBIoV3ZD5BFMqxkGh6mQXzxRcWWk7BZMCa2BEthJScig64gcJwKapkchBxQlhGHFAim8WXw2jN1WkUmrQvrjOJVjGa9TGplJPSvUdZzNfwtXsyDMWiY+lDAwfWprFoeCeV0MlgRJILSuakJukgpxuorT7GenvuS0QfZnisqyay+VVIWUhPSoUZxx9494o4NSXIDeSrcfxqJuPSlMLC+Ynnrm66QgYGeKkRraSQor681FcjtBA2fSqdFRLU0MAY9c1EFa8CJbp+JmUq1OcFlWT76hue0wClSyDWyRNkxT1GaiMyXJsxCZCspz0olV5uSrbb2ewTbnPXFSWE4Tkc1tt0BUO7xgo5BcBz99RbopMN5CouN3upmixldzCkO/TUtFCnJtDelS+YdDRnFNacjqQcHAqtNZSQm6pU4oct9SaslA/yZj/CqN7Xn3W5DPclQWU44q2bdJAMEfBkfuMejWwVpWTwo9aWdWgHUjwSrPxpp0cURbZBcfISCgZz8KVNRutv6kfUyQUZ8qby38uK+hmx8zGLTKcIBpiSoBxef9WaCaeThkGp8+M9KWhlhRSpYxkUNcEPkj9m60C03xClAZeXgetOWkoRnWlEd1khCTnJFRdEaGagBS3lLUVncoHzNWFiPb4xJ2ttpHXpVPlP5in6DGLU9Gmlgrl2YssMQI31UISOTVeaq1M/dpC7fal7IyTh5/wAgK06m1G/fpDkO3rLUFv8AevA/kKQNRXMFKbbaFbIyf3jg6r92af8ABpo/My89kKJPI6iB+0q/O25hFqtRKGHE5deB5X7qB6Vhl61b1DIwa2doLJMaK8oYxhIFF9CM79PE48jSWXI8rcpB1FRht6gGUx+3pGOjVN+mmt2nkA9PD+tKV5lGLcgQgK+bxRGxam9liNxFsDYCMrz76A030tfQXhjlHPOT4ZZ1sLbdieW6nLaEpWQfQGqzVbzJnvupHgW4VJ+GasWLP/xawwylK2XWsKWR056ULZjNrf2tjwg8VfS43CHSwmR3JtGnT9iU862hAyScdKtxaGtN6f2pKUuqT1Pl6n7qiaJs6WGTMeGOOM+VJvatekSnE2wyQw5LyhAP+rHX8f0p2NLd8IolbFyUItydlXe6MvuR0DDBYcbcGM/WSRxk9arPVriXdQyCywhlsEJCG04Ax7ql2vLS7mw0v5lLqUpCScY3j+6ma0WD5TnSXipSQXSOBRM0LV+pSD8TsXdItrcu0ZIbUfF9k1bHbdqRDdmttkiLHz6Erd2n6g8vvP6U06H05HtTK5bnjUkcFQFUZ2hLkTdazVp3uJB2tk+SR0FLPw7Plho+JdXoNXY4wX7+poZwpHP4033JpuzaqlRGh3cV35xkjpz1T9xoT2KQZMGRMuEqOtDQZ2IWem6nTUdt9ssyJO3Mhlfe/FJ4UPw/ShajD83C36DOln05L7M32uaXAUOjkeVVjr22WGNqVxFyjd0mWPaEPtAhWT1GR7/1p6t7hbI71tQUgAZB6igPaxanbtpgzooWiRBXvwgkEoPB+PrWboc3y8iv2GtXi64OhRTpO1LwqHfnQ39latwFMce4W2xsBsXCG64geJxITyn34J5qpGolxcSdspRB5xwaki0S1AuSn1LTjPACa9GrXCMNpPlliXHVVgKd6IcmQcZT3bZCE+vJ4NLN41m6t3bBYajtjoHHhn/hTk0DcQENhs4I9TzUF5LbacbRz5Cuk5VySkrI9xuE2Y6pa31nJyoJykH+tPPY6+7D1fZ8LUXZLhaUkH6hSc593Gfuqv33NuAB+FXd/g/6dS4w/qSY141EsQs9AkcLWPifD9xoSdW2XjFtougnitSjWazgVpJqEMGK+aiNo71q4RD9dBWke/FSlVAkOmLLafSM5BQR65q9WqJfBzrAmrs2q2JiDjuZGT8M8/lVgdqlhnXUsXiChtyO+nOQvkelIWsrPPg3mUl6MtIKyRznINXloxxN10BFZJCnWmQCPQgdKWS6l0sG3W6KS0hAlRtSxPaUhIJKc5/hNXr2eqxctQoP/wBQ0fxaFI02Klu728pQMl/BIHP0VU5dnysah1EgHqthX/8AzFLZ49OXH7S/+ozid45/h+Y/CvixlCh6ivDpX2iC5UN/aKJLycdFHrSbPQO88SgnBFTO1DUr8e8vR7aUpSFHLmMkkelV6u9z3nAXXt3I+qB51n/4aV2h2OWK5LE1gkiwIPmZg/UVIWw7MZZTHKk3GI2lxhwdVAdU/EeVQ9ZvLTYIJ6lc9AI+IBozbVrQ+04OCW8ZHkcU/jySw5IyQrKKlH/ke9D6hbv1t+dwia14Xm/f6j40JvWq4QuC7LDChdGpCFKBHh2Z5OaVrg47Zrsm72w/PN49pZHQg+fwP601QrDZdQXAamiE+0PNhLqOo493rTmox+HrhwwON9Mtw7q9vbYitKiQtac/jS0+MsEe6mXWLrRsCW2j9FaOPTml51PzR+FZ+kx4scWsPFv/APS2Ru11FZ6jbw8v40n3EYzTzqlO11ZpEuK85oq5Lx3QyaGClwClHJ9oST8KT+0tot61fOCQSnB9ad+ziM4mA7MxloOgHHWl3tcWk3qMtIxznOKgr3DGrVZ0EBsIwB1pY048/wDJiGEZS2TkmjF8lOzNBqWtWQCB+dY6SXBOnwH1gOjpS0lWJGhg3zvcM25ZcSB12jFYuZMg1Jssbc04Wjke+tCxmQR6VgZFWRnsdK18uKNEjhaT5g1veeStnChzUeXwsVg4fDVlwhurZvjcJyRkVEkn51J99S4jwSjBGRUSYoKdG0edXjyUfewkVNrjDyOKBJAM+izhCY4BGDihTWPbhnpV4dyleELOR0lrck0J24fOaNuIBZyg0LaSFScKqI9zo8M0yU5QaFsMhTiqZJ0UJa3JORQWKn5xVGxyqLKTSmkaVRua9REJr1d81g/lIRIyA8/h0n76Idww2oYAqEpKnH8t4FSfZllOVrx8K2nFs8SpJEloJUT3YANfRHfWDlQAoYXVMrPdqzWaJz2CMmua2qi8W3ub5CVMDO/JFbG7rIS1tFC1uKcX4iTzR1ppoQ8qxnFc3XBK+pjCcQ+FKkqyr31oYi+0TFdyraB0NaRFUUFQXgelTLKy2VLUtzaR76H3bsJfCJcbu40kIleNROAasS7sJahW3YMAuIqtGG+/vsZtKt4Lgq2tWNdy1aUdPnE1M14Q+m+9RaqQf7MsfCqL7TTuurIP2av23usCwtBwg4RXPHadcGv7RDGNmdoqMu7iCwfdZdg5fypjSkIpJSfD0+FJ8JW6WOcmrBv1tfnabt7cVpS1HaeB7qU7dYJwundFk7ga1M1f4WC7mVF7sd9Pt5YTxTLZ2Qq9xgocVhZLHIZjp3o5xUiU4LJNYlyxtaFKxTIbH6Q+xBjKcdUEISKq7UV9k6ikLYjLLNub/eOdM+4VherxI1NIUltambaj6S843UnamvTUhpFntPhYVlK3EedOqMdMuufm9Cm89lwQrpfWZ0pNks5KIoO111PVXuBrd8mpZm7cHalIAoHoi3oZ1AEAZSlRAp9uDeZ6sjjGKxtRlllkpS9UNxShFpegi9qbYRboYHGViiXZ03u0yePWo3a6nbBg/wA4/SiHZuP8ll/71MVu0dX2Kf1EHUhzdVDyAqPFHiFSdRjF1XWqCMuJHvqmPyoifmZaVjWUW5lseaM0xaWtC585I2/Ng5VQKwx1PORWkDKijFWzbY7On7Mp53G/GfeT5CmoLYXfJjfrizbmEREkJQlO5wjyHkPiTXP+uHnJWqLRIf8ApuOr49B5Cn3UFwVOkuNb9y0PIW8QfrE8J+6q+7RAtp62PtnDja1kGg5Mq6/lrt+YeMKhfqALMgd5cAfOQgf/ADqzdHsyAgpS2MreURnzyaQtOx1zQsRGFreW6hSwkZ6HJNdBaatqWGWnngMNNg5x1OK0cs4zinETSabTPmpJCrbp/uG/3qgE8ep6/lVes2Zp6+SHnWwTuxgijesNS2yZLeiMTWXJTPBZCudwIyPjRPT8dU2e13rAaJO4jOTj31n25Zfohvy4q9Q25HTFtUOEhIBdUFKAFEClKmlNqGUEbSPdUZbgk3V1Q+g0NqfjUkGnUqVEwVIUYsxJmvQFpxJjq2KOOo8j94xRdaBIhrb7veNpSoHoQaiuxmDqR51WA44lKCc+YHFMMcNqQDg56cetednhrJKK4NPr8KZzZqOA7py8PQpJU2jJW16KQehHw6VDiy4ryFj21SlHq2sAD8au/tX021qTTvdd0n2xklUdwjkHHTPoen4VzOiEEoeUlspdaVtWkjlJ6dK3NPqHkjXdGNnwdEr7MO3CTDS4cuoT/DnOKEOzY+Ds7xw+Qxj86wkPtOLIlRkpWOq2vCfvHStbkYLG+NICsfVVwaM23wAtIjvyHHUFKUBtPnzkmuu+zuB8laFsUJSdq24iCoY6KV4j+aq5QipbU6nv20JWCOQeFc+ldmNEBlvjHhHA+FVca3DYndmZVWsq5r6VVgo5rkg5ipWKgXRe1gOAZKFBVS3DUeQnewtPmQauiyAGu4jchDEnAKXEdffWHZ5JTGlqiHhDg4Hl6f3USmo9s0tnqtg8/oaQXryxZbjCW680lRfQkhSsHaTgnFAlUWLpW6Dms2fYr1C4wn2xJ6Z4IVRns/WDqm+pSAElqMoY4+risu0NpK7U1c0N953QDowccjnr+NBOx+8N3m/XSU2hSAqMyhSVHopPBpXUp9cH6X+gzp3cJr6FuDpXxRAST6DNYBxPqK+OrT3K+R9E/pUWgVM5Z1v45pc9Vq/U0q/WHxFNurk5SlX8R/WlIjxD4iuLJ7Fn6yBVp+1Y6Ge3n8KYoLX+bfD+lL+qx/k9Z88Znt/pTZb2/wDNh7v6VV+ZFv2F+Iu6rkrt13ZkNjekhLbjZ6LQQcg1v0vdzYbnHdhKL1muB4GfoE+R94qNr0Zkt9OHEj8jSxoyU2m3yoU5Z9jddwlX+qWTwoU1gzrGpQyPwv8AkAlG6aLw1UQbOpQH03EY/Gh6mz3fTyqtY12ukG6otV1lLcjb07Ss5CUg9QfMVc7Vr7xhKkOpUlQyCKQ+H6DJoMbw5Hbtu19dycuRTdoqDWSdiiT0qs7i54lVeeudLyXGFLaWk48qo+8QJEeQpDifPrTTVMmDLB7LlKOmn0Jx439vNKPbMjubzHZKClaOvvrRoma/FvkOIl1SW3XkkpzwaJ9vLgVqiK3g7ggHNdzuR3PkZhB0G6HcHKcgelLtijrNmW5uA9KdU25SNBPPucJKKRLYiWm1kJSooPTFJahP5a37mhpH9q9uw46XcdRHO5wk4qWhO+URnBNC9KKUYxCwQR60Qc4kcGsLL97I9hpF9lH2NM1JS6AfWtb4wis3z86ndWU5tIZCkq8qvFcDl1szQ19AVodVh5JHrUhgZaqM/wDvU1aPJST2CynW3I2FDxAUEb5m+6p6+G/uqJFx7ZlXSrQezIcaWwUcG1nwmoMYAyfFRR5pK28oNCUJ/acVWPclbxCExCgydpymg8FAL6gaJylKQ1jORUC3gKeVn1okPKynESaqKR9HpXq3K3pwBzXqG2UTZVXeqbWdhrNchxScEmtDPLgBojJQ2lgYxnFejb3PCx4IKeRzRmCy37MVKxnFCEJJAA6mpwjyUM5zhNUyb7WGx7EVSd8ghA8+KnuRn0NDcvCfSoUVKlSAAcHNFbghxLAy5xjpVm6IRoQlIa/eH4ZqIknecE1pbJJOTW1nlRqEqLJ2MOiWO/1LEGM4VmrZ7QiESLaj0Wmq87LGA9qVsn6tWR2hoC7vb0A/XAqMnlGtHvmROh3GVLcTBjk8J5qutXaWutxv7bcdkubXAVKPQc1e+m9Nx4zSZqf3qkda22+RBiSH1SlNhzPnUfLXVGQCWoaxZYLh/wBSTpW2hizR25DQLiU+Y91fYtjaTOcfKBuUfStzt17xbaYPzgV1IqdPnM22EX5SgkgZwTTaTdIymYTZEe2xVPSFBKUjpVP66vj91jqklBTb2lZz6gUXuMyTqeWpa1KbtyD6431Ufapq5TizZbb4IyOFqHn7hTbhHBG5eb8il9T2MtZ63Mq3sW6xZaZWAlbieM+4Ud0naO4XF7/ClFrPPwqroscmLEX5FxP61etqZ2vRB/sf6Vnzm8rbYwkox2AGlWR/aVzA+uabprY9sUaXtKN41C4f41U0zUftKiaQflX8S/MLLv7FedsIxBhf+4KkdnC8aYWB6qrb2pQHp8aK3HAJSd5z6AUB0/dUWGyNNSBnvskY8qdlJJsiO+Gvr+gC1KNtxyfrDNarUAqS2PfWq/TEy5iVtHKQMUY0NY5t3ubaY7Z2A5KscCq414UUm1bLn7OYqF3dorAIQyTzU/XeoW2n0oSoFKFhppOfpunz+AqG+3I0u9EDamy9KSWhk42DGSqqpvd2Vddd2tDSiYTSsN/xHPKvvptP5cerv2B449cqGSwIV7HNLiipZkglR8zuoJ2mo2t2/wDnXTLZU7YU3P8A9SP+al/tQPzdvz9tdZsPO/79RhvwL+/Qm9jTO+6ODGdySPyq1NdXdrTGknnc+NtvwjzUrokfj+lV52Gtg3BTivohKiT91AO3vUxnXhq0sr+bZ+ddAP1j9EfcP1rRg6jYq1ciuGnHH5Sn3FFTq171K88k5zXVOjR3dgTOdPiLCRk+uOa5WtwCnED311WlIY0vaYSDhTjaN33jJrsW7LNXSJVrBEber6Th3mptaQgJSEgcAY4rNCcU0wwsT8o1E+tXLe1GSOqeBg01RFYKcDIUMgjzqru0+4TtO6jt9zhDc1JZUw42r6KlDp9+CKlWjtGgu2pHeNrZlN/vkj6uOv3Vh5oOGWTZpQi8sF0jtrCciDaXn8jc2M49/pXM+sn/APK27uMNqYDyUOFAHXIGTj3mrg1lqqFcrBiDtW3lBPkBzzVP67npmaukqYa7opbbZJ+17/zoull9raBazF0affmwFIX3jrqlAJWVYPp1qPhwLBQQCPSpMtOFLUPtFJPvBxWlCCRuHB88VqXaMPg2MqS68krQUueqfM/CuyoxV7O1v+lsTn44rj21pLtyjN9Qp1CefeoCuxM4AHpxUy4QbB3MjWCj6193Vio9DVUMGlQOa0K6mpKjUZzrRESiLaQC/OhK+i4CR99c39oKHEapmocJ3IVtHuxXQy3DFvUV0cBR2qqjO2RtLOu7lt4ClBQ+8CgajamUaqRb+np41D2SOqUoKebiq3Z9QDn9DSb2F3GLCl3ES3mmErQAlbqwkKOegz51E7FL2hFnv9secSkezuOI3HAwUn+o/OkRlGI8MEA/tyeP9yhZIfN29SMeT5bZ1Um8WsZJuUHpziQk/wBa2G7WxTa8XCKrwno8j++uYHkBUS+ApSCY8fjjjmlOW4It/lpWAEElJSenTj86TjiT2sYclyWTqpsGGlaehJI+FJjXikNJHmtI/OrWk6bN30pEkQHgoFpOUkYwoDkfjVZSID1vnI79teW1g/HBo7i47MXi0ywNVNuJYt6FOFbYuDYSj0O009QxlUY+oH6Utwbnb7tZSsobS+HwQ0sjck8DIpnhoHfMbd4wcEKHTiq9LlJS9i6klCvcTdepHyqyronckHPrg0mWlkKgSwBz3g/WnjXzBNzZJB2laf0NK+nm9zE1J8nE/qaW1u2KT/vsWxu5xRsfblXR6KwspUppJQ2o8HHoTT72Z6tUHPka6rIeQdralefupaTF2OKcA5b8WKFzWlXFtU+HlubHcIUE9VY860PheWOoxvHkfi7MHqodMrjwdAy2UvtFKgCCKqvW2lUr3utpGOvSmbs71Wi+QBHkKCZzIwpJ+t76aJ0VEhpSVJBzRJwcX0yF0+6OUbjBft1wbkN5StlQUD8Kh6xuci+3FiXIVlSUhFXVrLTCcLUG8pPuqm73YpTL6u4BUjPT0oNUFTssi2vLl9mk1EgJwhJApc082j5CRwCdtDrZeJEHTcu1vg4c5GaiW28LhxUsraUUeRArO+IYZZMSjjRo/Dsyx5W5sYrKpR73cjbgmt+MvGi+lYTN20+9NbBSpGaEo5eUPSsbLiljlclVnrtFnhlhUHdEWT+8FYyc93W2SPnkivklPgrovgcszhtBcfg4NQ30YfAqZGBDQxWlSd0lI99WUtyj4M3E4bFQ2R+1UWksqS2CRxihrI/aq6L2Za7RNKikEDpUeMgLknPBqSscVETkPZFRBlmtjfPZUlJPUUMhg96cUTffJaIPNQICCtxRHrRYvwso7UdwgHCgDdXq1uhQIBFeoYNRTKsZSpSvCOakPNupQCvpWMEqDnhTmpE5bhQArAFejvc8GuDQ0SkpKetEHpD6o+CQBihoUU4xWS31qGCeKiUbYVOkfG1FKtwPNblvOOA71EitCelZD6JqxCdGTX0SakwkbyTjisIjSVJ8XnTLaYTfs5KEZUelWUbO6+kZuzOGrv3HWEHePOmG9e0u3qL7UCCHBitWlEzNO2tUt2OeckDFbG3rvqa4NPsQy0hJyCoVTNG1SD6PPHFk65vYvS0YFnayQDt4pTl6P+Urip95Sg3uzgHANHNOwJqYzftqyNo6USu9yYtkVTjqgMDgGixg216mdPJvKuGQ3E2/T8HeraCgcZNVzdJsrU85SlqU3b2zz5bqwnTpOp56luKU3AQeT9qh+prq21DES2qCUgYUpNaLUdHHql5vyFleR0uCNd7+kvewW/wsoGFEefuqk9Vx3nLq+6G1FGeuKsywRC/OO7pW+9W5lFnnuFtJIBwce6s/qlkUpsLKotRRXkZsizQVH/Wp/Wrrto+diZ/1H9Kp9pGNP28+rqP1q5IPDkXj/wAP/Sgx7hpeRAfSQzfl/wAyv1pruQCZBAOeKVtHY+XFk/aV+tMExWbi+fIAUolcF/F+pab3fsL2tJTcbuyTyWlcfdVasf4wispcRgNggU469fEyc0wQctjOR6UKtcRATgJp9xuVgozqFEW06fbmSm20tblE4roHStkh6aspecQhG1O5RoD2b6bSnEx9H8uRUnX98a3LipX+yRhveI+sryTRoQQJu2V52vXZcu1OyQ4tEvvElG1WO6bPGPvpNsbKzqDT4/hBFY3Ka7ctOX6VIJ3qlowD9UeQqdBZfYnafmIbUpru8BQ6ZFUzu90HwNKav6/kPAWiHapS3FZK39wAHP0qAaijuahcjNpbU2lCztOeTmjdutypBWXnFuZUSAegyc056bsjftbai2NqOTQIYPF1FHk8NAZi3x9B6UbmkvKkE/OBPOUnyx6ZxVNLgO3m6PSpDe959wrUSfWrZ7WLuJTzdvZV4VHKgPsjp+JoFpi3p7wKIptriIJsm6B7PYUua05OioLaPERk1YTJC7utpsfMRRtbGScDyFSbbttlgdkKwFODA+FRNOJKoanl53urKufTNFxxS3CYk3uwyCfSswrFagrHXg1sTyOTV2GNF0gRrpBdiz2UOsOAghQBx7x6Eetcz6Uusb5TnRnEhbSiUZcxkp6E11CpJLLiU/SKSB8cVxDICkyHQeFBZz8c0pqcamgmLO8MrXBa6XozunHo/ftpGxbQIUM5GQP6VW70yRMW47MWVPEJSVAY6UPQ64D4VqzW1JJwnJz5mg4MfQ2ztXqvnpJKqJjDxSVJX4kKPOa2BQBNQ1EDpzWxlfXPI99NqXYzmr3GTRTBlars8cchctvj4KB/pXWilcn0zXMnYvG9s7QLeSMpYSt4+4hJx+ZrpcjHnV27DYVSZluHSvizkcVhkeZrxxjnFcgxgtXvrQpXn5VmrHnWlw5GB0oiLIF3w7Y4dHKmlBYpO7S9HRLpBYvDLZ9pcz3pCycmniYgOsLQeikkVCs6jc9GSWXBl1kk494NVyxuIPLwmii7DbV269tJQgBDygy4HCSkpKh1/CrA7akWq3GwPMNtxvaZPtCyhvokJwTx6ZoVcooDxKcg9QfSnV2y27X+iwiUgqlxASy4lWFIJ+kPxBoMGkCl6lVMNtXefIYtshC470dhtxzafpbjSbrBosahmY4KV9ffTxEs9y05ciuKpDkYKbDiFI8RSk8YNLGvmD8vS3Cgp7w7sEjmlGqGIvq2RbnZBqBE5hMd4jZMTkDyS8kYUPvHNTdc2FLUjv0o8KuelU72Z3F6JclxUHBUQ+yc9HU+X3jiumHu51HpxmS0Ae8Rux6K8x+NNyqcVP8AuwEk4Mp1yJsU08yAlxpYWk486fWLw3PQpLa194230UnBzjkg0tXCMphwoIx4sV6OpyOsuM4Dm0gA9DkUs4tO0Fi7qwjrBHeM2t0+JS1pG49T4TSxpdrPtw/jT+pp4ucVu5RLYWlgFCgoJ9+3GKVdJtfPXFJHIdSPzNJ69Vp5/wB90Tid5Y/36hxLOxayUbx5ik3Ucl20W6RPigAomDCfUeYqyW2TvXs+l5HFV52htkaVuAVyoTME4x6ULRNqFoPNdWSjBt9yOmNqSxkpQcF1sfVPmDV2aRv8fUVqbkMqHe4wtHmDVDWi4/JMC0hSN8aVhp5HqCOtHIsqRom+tTIilOWuQc8dAK9FjyLXYupedfzM/LB4pV2LtnwUSWlIWAc1Vmq9PKjvKW2jj4VbFonx7rAalRVhSFjPBrVdYCJLRChnNKNdmcnW6OZdTQXSyS22d49BSbPlymNiOiQOmK6B1LYS1vUE5HwquLvaGnVELbAPwoUkHjb3Qx9l85r+xElClgO85FT9GWtq6rkhzqnpSLbWHLc0pDeQ2fSrC7MZTSXZKVqCVEedZmSPXnSmtj0emaw6KUscvE6Fq7RvZrmtnOdisVolDCKNvMInatW0rlKlmt+srILYUqR9BXlWfLC6c1wmbcNTHqhjk/E1YAYT8yK0KH7QKmMJ+aFaygd+DS90xg3vunuNp9KFR05lUUlDwcUPg49s56VaDtMmko7Ex9ICaggfO0altILW5J5oOgZfxXRVExlcTCRwk1GgL2rOPWpctG1JqHDHiVRY+RnT4CqHUqT4hzXqjJzXqHYPoRWUZ8snIFeffU6RnpWlPSvv1hXpe54FPY2V8NfTWJrgjdGaelbmWS6MA4rUhBI4BoraWAt5CDncT0q8Y2UlKkSFQe5aa7vK1nGB61YGmLPIQ1GdkNbEbgTkUKs8MHUsFlaPDnJzVv65DMLTSEsbUL28EUTi0BlJ7IYF26PPtsdpsJKdozij1qtjEFlKW20jHuoD2dMLFlaW8oqUUjrR+8XNi2RlOOqAIHAqEnJ0gUtjO73Nm2xVOOqAIHAqq7hMkalmLWtZRCQeT618nzJOpZyiVFENB5PrSh2gatbtcNVstBHfYwVJ+rWlGMdHHql5vyF23kdLg26s1H3DfydaMBI8K1p8v+tY2q2Kct6VrJKiM80s6Tt7su2oddyVqOST1PNWhAibYCRjoKx8mWWabbGopQVIHWGCGXsgeVRdRIxp65E+iv0pktzO1R+FAdWI2aYuJ9Qr9KYxL7NgpvxIrVKQNN20/wC1R+tW9B5dj/8A2/8ASqhbOdNW3P8ArUfrVwwB87G/+3/pS8e4zLyICaO/7aXnruV+tFNRy0Rn3edqynoPOoui2EGRMe5K0rUB+NAb+64/eXSvOEnAzS8cXVBK+9/zOlPxP2BksLed7xzlSvOmbQ9jVcJqcpOwHJoWzEXJcaabTlROKubSlras1p717CSE7lE1oUL3tRnqCe3p6yBDAHtCxsaSPMmqZvT6pUswwoqDZ3vK+2s/3UZ1rqQyZapmchSu5iI/VVB4cbD73O5R6n1NWyvoh09+5MV3Fuz21FwtV5iOK2oVMQCR1xTDDcQzAgQkJUosFQ3H0zQyxM99B1I0SpKvaEHIOCPhRe1wwgNAZOPM+dUktkVT3GW0bgOMU7KdFssK3nCEuODAPoPM0v6Yhe0SkJxwOTUHtfvjcRhEJLqUbx3acnH8x/pRILuzivZMhVzuz0lXRasIHokdKetLwCotIA5UQKTbDG71xsjBT1B8qtrSEZLRXJWPAynP31yt7lX6HtXvBJiWxg9MA4qfHR3baEAjCQBS7BUq46gekr5S3k8+vlTO2gYphLpVDcV0oyCRWxPxr4hJrNAqGSbEdRXFepA0NQ3QR/3PtTuz+XecV2dNcDEGQ8TgNtqX+AJrih/L0hxw9VqKj95oORWgU3RgynnNbmyd3FfcbcAVkkjdmqpUBbs1K8/QmvJ93WvLVlPTBzWIPNcyUW7/AIOzYXqa6Onq3EAH3rH91X4ST0qiP8HJBNxvi/Rlofio/wB1XoM0RcBoLwmXQ15XIrHJGPOvuTVkXI6x4a0qrc5kZzWlZAT76IiyNDo8J8qg6WcQxep0L/RveMD4jB/OppOfWgsh0xL9CkDgKPdk/mKtVqjpq4tCzfoxjzX21DG1RFTuyy7LZ1PcIbrZbjuKSG89CFDGf+IfnU/tBjbLmXkjwPoCwaUrG4It3U+tWwBON3ocjB/HFKLncVTtUOGq7d3N1dSBhKjuFUD2hOKGsZrQWSlKkjn4CuntVNibAiXBsfTSN3urmXtIac/ttOWU+FS0nP8Auih5FsXxN2A2FOx30PRzh1pQcSR5Ec10n2S3xElAjE4Zmt+0sp+yr66fxrm+EvvnnEhP+jUfyqzNAy3YtqgLZOHmB7Qzz1wfEn7x+lRppb/Lff8AMY1aTacS0tcW3unQ+hPhJzxSmvgZFWrJDF+sDUhjBQ6gLT7vdVayoqmZCm1DGKmSdisWR7aHXL3AT7QURw5vUgnAKsVo0U2rvboV5KvaOp8/EajXNpTiVNAlJUOCDgijmjlM/JDTKeZDWEuq8zzxmkviFf4SYTFvlixqjN/PHiq67R2/8lLqfSb/AHVZ8VHzxqvO0Vr/ACQux/8AWf3UDSqsQ2t8q/AU+5xbdNZHV5PX4U0XKbEZnpstyx7LLHzaj/o10HkR91q0yAMkup/ShXbNuYmQljgp5GKNpMssbUl6sHnipNpjjo2+SdGX02u4qKoTivAo9Ku5p1uQyh1pQUhQyCK5t01d2NZ2b5MmkIukZOWlnqsU8dmerHYMo2O8kpWg7UKVW5lgs0fnQ/Ezk3F0yyrrARJYUCBzVWalsimXFEJ/KrlwFJyDkGhF5tqJLKvCM0hJWg8JdLKNRHwhQWORUdJXEX3kclKvUU3Xq0qjrcwKW0N5UpKhSs4dWzNTT5nDxIy0u/u1Ey46rknkmmztLdCmmNpyDSMtvunQts4Uk5GK2XG6PzW0JfVnbWfli8ON4/U3sElqtRDMtulcDBAsLr9oElvnjOKBOpKJO0jBBwas7SWBpfn7FVvPO65u4H1zS2pwRxxjKPcPotVPNkyQl2ZhK+hQyH/nZorLSQjBBBoXE/zo0rBUmaX7IQeJAIzxUKMnfIPrUx/pQ+OSJBIrodzn5TbcG1JByOKgQxyaJTpG5kgih9u5Joq8roht9O5KAr1ZqxmvUI5FTjpXknx18HSs2UBbmM4r058/vg+k81k0R3o3DipSWEJ95rUpO99KEjBJwKtVblm96CCWyUZSnAq4+yvTEKdARJeaSV4zkihujuzszrcmRLUSkpzjyposd3j6dLtuYTlaBgAVe6F5y6tkKWvybdqmKIACVJJyfdVh6fsruoorDs9ZUhOCE+VLEPS07U+pBOloUiOk+FPrVsqciactYRuAUlNTGLlKkUlNdNEmTJi2G3bQQAkdKrWfKk6lmqJUpMRJ5PrWM2XK1JOV4lJipPJ9aAa41XH09A9ht5SZBGOPL3mtSMI6SPVLzfkKuTyOlwR9d6tj2OL8m23HtBGCR9X31XtiioucwuS3clRySrzoflct8yZJKlKOSTVhaOgWpyKHH1JBrOm5ZncgsWorYbNMWuGGUobcSQPIU0BlKUlAHGKSrNMhp1EliAcpA5weKsDaMH3iqZMfRKi0ZWrB8ZoBRxSrrQbdK3D4KpzQkgnHpSZro40nOPuV+lEhtjYOT8aKya507bP/AHUfrV026Oslp7HzaY+Cfuql7ehb1ktLaRkl1GPxq/mGy1Y9quvdf0paCuxqb8CKwtt2diS5bcdwYLpzX13L0grVkqUeaGQWQJj2B9c/rTrpezKnz0EpygGox46RSc7Yx6CsAO2S+j3jNS+0W7FEcW6MvYkjLyx9VNMVzlsWGzlXAUBhI9TXP3ajqZxlj2FK8zJZ3PHPKU+lOQpJ5HwgSV7AR24/LOp2O6OIzS+7aT5Y9ae2k+zuvLWQEoPJPwqk7fcpFvlpdYKdyFZGRTInWc+QVJkJaLbisqwnmlW3K2+41klF10+gzaafc9qvmWz3Uh0KSo+6mqC1gppd0/JZmNOLYOAccU7afhKlTGWwCQTzR07FHtsOenmhbrQ5LWMLUPDmubu0u9m9arf2L3MRvmke8/WP41ePaxqFGn9POtMqAW23tSP41cD++uYYqitZUo5UTkn1NRkdRr1LwRYXZk885de4UtSmyjhJPSr2uCxatM7QQHXhn8elUv2MxfadUtoHTaSfhVra5Wt24R4aRgKwEj8v76vh35LdNzMtLxu7gB1X0nTu+7yo+1yOBUKO2lppDafopASKkpGPOmWHZvwQK+t5zWAUPOs0q9331VkELUqinTl1UDyIjp/+BrjgEdy2fMp5rrXtDkmJoa+PBW0iIsA+8jH9a5IUCEIHokUKQHL2Mj9LkHkV8TkEcViElRwemK+r8OPTH9KoDNRV0Fe4zWKvWvgJqjZcvL/BuSNt/Xj/AFKc/wDHV07jmqf/AMHFtQsl5e8lyUI/BGf61bajg9cUaPAWPBmtR8s18BPOc1gFdPOvFWemauix8c45rQeT0rYutKs+RFERZGpeBzQLUiSIfeoA3NLDg+40acODzUO4tB6KtHUKSRzV0WRhq/EjSca4Abu5Qc48xjIrm+ddpsp9S1PrGTkJBwBzxXRlqX8oaCucNfLjTC+PekH/AKVzQpODzSGe1KheMabR1Pou4N6h0aAOVd2lwD0yOfwUDVAdpMdprVE9S1LDhKQAQMZ29BT92BXnYtcFxXCVlGD9lfI/+Q/OgXatCeRqi8uKaLMZJTh4p5cJHCQT5Z64rsjtdXqThXjorOwYcee6bu7V/wAppuiyHYGkrdNZPzjJQoe/x9KWobHsBcdKD3riClI8kg9c/dWbtzlG0otxKPZkYx4eeuetKtO00Gm/2X2OnOzuahMf2NKv2d5Hfsc9AfpJ+6vurLYEP9+hPBqoezbVEnYtlagZMJwSWQONzfRaf610I8GbtaUPskKQ6gLQfjT0/GlP1/MTqmU9cUlL4x5US0PG3CaoHqUkg+6vt7iFmUpKhis9OTG4DMlLikJKiOVelJanoWOXzOAuO3JVyOcAbnD91IPaKj/Iy7f/AHh/pTrZJsea8r2Z5K9n0tp6Up9oqP8AIq6++Wf1FK6fbDfuOY/v17oBln9g0uMf6VP6UA7eGu7fiEedORZ/ZtMD/aJ/SlTt/Hz8T41GDhe5XL5n7FR26c/bpzUqKsoebOQRVzOlGqbIxdoHzdzYSC4lPU4qkDVhaTub1o9lfbyUkYWn1FaeLV/4eSvhg8Ok/wASpJcpF49l2sRdIogTlbZbXh586sRaQoYqj4kNozU3q0nwrGVhPkatTTF6RcYyULUA8kYIpvUYUvtIcMSTafTLk+Xq1Jktq8IzVa3a1KjPqITirmUkKGDQC+WpMhCiE80jKNjGPJ07FJuD58pNRpkXnKeKaL3aVMSCoJxzQWYMECl5RUlTRpYs7i04BnT2pfYrcuK9zxgULtCkyr8gqGUqUTQmQyoeNFStMvhF6YLnABrPzY59cU+Ebely4nCco7Sa3HzWVmZZt4kNgA4qtYx/azVsa3eSqwgoVkbaqu3Mrfm7Wxk0PVQSyVFdg3wrLKWnbm+GTJH0aHsfvjROa2tklLiSDQ2P++NIRTVpmomnG0fJn0TWq1KAUc1tmfRNaLf1NFj5GdLdBNxCTgivVpJNeoVlUmVOgZNZIGHQBXq9XqOx4HugwykbOlRG+bk0P4x+ter1WlwcvMdY6QAGl28fY/pVeRGkO63cSsZGa9XqnshZcsu+Ey3Hhp7pITxVVa3lvPXUMuLJbz0r1erT+GpPIK5/KbL64bVpdTkLCF7M5rnx95ydLU7JWVrWrkmvV6ldY25MJj4CM5tLUdAQMA1AhvuofUlLiwn0Br1eoul+9QLJ92x27N1H5dKs84FXm2Msbj1r1epTN97IcflXsaE/W+FI+vv+6c74Kr1eq8fIxeXnQg2NIFtsmP8AWoq17zNfYfjstq+bU1yD8K9XqWj5WNT4QiwUAy1cdVnNXZouK03CSpCcKI616vUVcAHyKPaFNfc1QxGUr5lttS0p99c1X6U7M1BKekLKllwjPuBr1eoub7uJbHyRVfvDUpkcivV6lUEQ86EJ75KfI5q+NBso3OOFPiSODXq9RoeUDPzFJ9vE1925xWVry2pS3CPUg4H5VW8TqK9Xq7N5y8S3exJRavj6043dwoA+lPUYl/V6+9JVsCin7hgV6vUXTeVl4eYZk1vT5/CvV6mArPqulbWiSmvV6oZApdr4z2cXnk/u0/8AMK5Yc4UcV6vUGYDJ5j2enwrw8WAfSvV6qgzSvhRAr5516vUIIdEf4PyQnRUhQ6qmLz9wSKsxRyqvV6mI8ILHg15wqsskHHqa9XquWMFGtCiea9Xquiy4NDn0hUd0kivV6iIsQNLeB69sp/d927x8UGucZH0jXq9SOp8wB+ZjP2WyHWdUgNqICmFk/FOFD8xVt9uaA9Z7S24SULdeWRnzCMivV6qL7te/9CsPvEUjeEgOt4H+jT+lCFjrXq9QnwXZP0nIci6mty2iAVPpbVnoUq4I/A11D2ZurXZ5UdRy3HkKbbz5J9K9XqZx/dP3AzIWs2UJk5A5NJqm0kKBGRnzr1eoGTg6PIf0THaaXMDaAkKSCcVE7QkBOh7gB09p/qK9XqXfkY3p/vo+6Pi0jutNfzp/5aSv8IEfPRD769XqBh7e5bJz+BTBp2hgCFFI8xXq9V9X5UO/B/vJew6dmcx5F7ehheY6xkoNOkVSoV8V7OopG7pXq9W38Pd6ff0Mr4oktQ6LSiLLkdCldSOaydAKea9XqTYFChqeO0Uk7earS9ISlXhGK9XqDPkbwEJIBZ5qA54HgpHCh5ivV6g5PKx/TvxoLz7lJftSW3HMpxivaCSF3rChkV6vVmY3eVWegyJR0s6GnXsRltnehACvWq7j/vTXq9VdUl8xlvhTb06symfQNRoHU16vUuvIzQfBNNer1eoRx//Z' ); 
INSERT INTO gender( id, name ) VALUES ( 1, 'male' ); 
INSERT INTO gender( id, name ) VALUES ( 2, 'female' ); 
INSERT INTO settings( id, name, value ) VALUES ( 1, 'work hour', 8.0 ); 

INSERT INTO status_planning( id, name ) VALUES ( 1, 'created' ); 
INSERT INTO status_planning( id, name ) VALUES ( 2, 'writing in progress' ); 
INSERT INTO status_planning( id, name ) VALUES ( 3, 'finished writing' ); 
INSERT INTO status_planning( id, name ) VALUES ( 4, 'planned' ); 
INSERT INTO status_planning( id, name ) VALUES ( 5, 'shooting done' ); 
INSERT INTO status_planning( id, name ) VALUES ( 6, 'montage' ); 
INSERT INTO status_planning( id, name ) VALUES ( 7, 'done' ); 

INSERT INTO type_filmset( id, name ) VALUES ( 1, 'public' ); 
INSERT INTO type_filmset( id, name ) VALUES ( 2, 'private' ); 
INSERT INTO actor( id, name, birthdate, contact, gender ) VALUES ( 1, 'Shin Won Ho', '1991-10-23', '+26208102030', 1 ); 
INSERT INTO actor( id, name, birthdate, contact, gender ) VALUES ( 2, 'Lee Jong Suk', '1989-09-14', '+26233102030', 1 ); 
INSERT INTO actor( id, name, birthdate, contact, gender ) VALUES ( 3, 'Nam Joo Hyuk', '1995-02-02', '+26208202030', 1 ); 
INSERT INTO actor( id, name, birthdate, contact, gender ) VALUES ( 4, 'Moon Ga Young', '1999-01-10', '+26203102030', 2 ); 
INSERT INTO actor( id, name, birthdate, contact, gender ) VALUES ( 5, 'Park Shin Hye', '1990-05-06', '+26256102030', 2 ); 
INSERT INTO actor( id, name, birthdate, contact, gender ) VALUES ( 6, 'Park Min Young', '1980-06-03', '+26208202222', 2 );
INSERT INTO actor( id, name, birthdate, contact, gender ) VALUES ( 7, 'Vinesh', '1980-06-03', '+26208202222', 2 ); 
INSERT INTO actor( id, name, birthdate, contact, gender ) VALUES ( 8, 'Andi', '1980-06-03', '+26208202222', 2 );  
INSERT INTO actor( id, name, birthdate, contact, gender ) VALUES ( 9, 'Ny Antsa', '1980-06-03', '+26208202222', 2 ); 
INSERT INTO actor( id, name, birthdate, contact, gender ) VALUES ( 10, 'Tsinjo', '1980-06-03', '+26208202222', 2 ); 
INSERT INTO actor( id, name, birthdate, contact, gender ) VALUES ( 11, 'Mickael', '1980-06-03', '+26208202222', 2 ); 
INSERT INTO actor( id, name, birthdate, contact, gender ) VALUES ( 12, 'Mme Laingo', '1980-06-03', '+26208202222', 1); 

INSERT INTO "character"( id, name, description, gender, film_id, actor_id ) VALUES ( 1, 'Sungjae', 'Role principal masculin,celui qui a perdu l''amour', 1, 1, 1 ); 
INSERT INTO "character"( id, name, description, gender, film_id, actor_id ) VALUES ( 2, 'Joy', 'Role principal feminin,celle que Sungjae va rencontrer apres esperance', 2, 1, 4 ); 
INSERT INTO "character"( id, name, description, gender, film_id, actor_id ) VALUES ( 3, 'Dia', 'Celle qui a quitte Sungjae ', 2, 1, 5 ); 
INSERT INTO "character"( id, name, description, gender, film_id, actor_id ) VALUES ( 4, 'Crush', 'Meilleur ami de Joy', 1, 1, 3 ); 
INSERT INTO "character"( id, name, description, gender, film_id, actor_id ) VALUES ( 5, 'Peniel', 'Grand frere de Sungjae', 1, 1, 2 ); 
INSERT INTO "character"( id, name, description, gender, film_id, actor_id ) VALUES ( 6, 'Inconnu', 'Une personne se balladant dans le parc', 1, 1, 6 ); 
INSERT INTO "character"( id, name, description, gender, film_id, actor_id ) VALUES ( 7, 'Vinesh', 'Etudiant ', 2, 2, 7 );
INSERT INTO "character"( id, name, description, gender, film_id, actor_id ) VALUES ( 8, 'Andi', 'Etudiant ', 2, 2, 8 );
INSERT INTO "character"( id, name, description, gender, film_id, actor_id ) VALUES ( 9, 'Ny Antsa', 'Etudiant ', 2, 2, 9 );
INSERT INTO "character"( id, name, description, gender, film_id, actor_id ) VALUES ( 10, 'Tsinjo', 'Etudiant ', 2, 2, 10 );
INSERT INTO "character"( id, name, description, gender, film_id, actor_id ) VALUES ( 11, 'Boost', 'Etudiant ', 2, 2, 11 );
INSERT INTO "character"( id, name, description, gender, film_id, actor_id ) VALUES ( 12, 'Mme Laingo', 'Secretaire ', 1, 2, 11 );





INSERT INTO filmset( id, name, type_id, x, y ) VALUES ( 1, 'Parc', 1, 1.0, 1.0 ); 
INSERT INTO filmset( id, name, type_id, x, y ) VALUES ( 2, 'Chambre de Sungjae', 2, 2.0, 2.0 ); 
INSERT INTO filmset( id, name, type_id, x, y ) VALUES ( 3, 'Cafe', 1, 3.0, 3.0 ); 
INSERT INTO filmset( id, name, type_id, x, y ) VALUES ( 4, 'Piste de danse', 1, 4.0, 4.0 ); 
INSERT INTO filmset( id, name, type_id, x, y ) VALUES ( 5, 'Concert', 1, 5.0, 5.0 ); 
INSERT INTO filmset( id, name, type_id, x, y ) VALUES ( 6, 'Lieu travail', 2, 6.0, 6.0 );
INSERT INTO filmset( id, name, type_id, x, y ) VALUES ( 7, 'Grande salle', 2, 7.0, 7.0 ); 
INSERT INTO filmset( id, name, type_id, x, y ) VALUES ( 8, 'Cours', 2, 8.0, 8.0 ); 
INSERT INTO filmset( id, name, type_id, x, y ) VALUES ( 9, 'Bureau Mme Laingo', 2, 9.0, 9.0 ); 
INSERT INTO filmset( id, name, type_id, x, y ) VALUES ( 10, 'Tsiro', 1, 10.0, 10.0 ); 

INSERT INTO filmset_unavailable (id, date_debut, date_fin, filmset_id, observation)
VALUES 
    (1, '2023-04-03', '2023-04-04', 1, 'Nettoyage');

INSERT INTO actor_unavailable(id, date_debut, date_fin, actor_id, observation)
VALUES
	(1,'2023-04-03','2023-04-03',1,'');

INSERT INTO scene( id, title, global_action, time_start, time_end, estimated_time, filmset_id, film_id, status, ordre , author_id) VALUES ( 1, 'Seul dans le parc', 'Sungjae assis sur un banc repensant a son ex, et ensuite discute avec une inconnue', '00:10:00', '00:15:00', '02:00:00', 1, 1, 1,1,1 ); 
INSERT INTO scene( id, title, global_action, time_start, time_end, estimated_time, filmset_id, film_id, status, ordre, author_id ) VALUES ( 2, 'Appel du frere', 'Son frere appelle Sungjae pour sortir', '00:17:00', '00:20:00', '01:30:00', 2, 1, 1,2,1 ); 
INSERT INTO scene( id, title, global_action, time_start, time_end, estimated_time, filmset_id, film_id, status, ordre, author_id ) VALUES ( 3, 'Durant la soiree', 'Enviant le bohneur des autres', '00:20:00', '00:23:00', '03:00:00', 2, 1, 1,3,1 ); 
INSERT INTO scene( id, title, global_action, time_start, time_end, estimated_time, filmset_id, film_id, status, ordre, author_id ) VALUES ( 4, 'Moment coince en classe', 'Ils sont coincs dans une salle de classe et ils discutent', '00:45:00', '00:52:00', '02:00:00', 6, 1, 1,4,1 ); 
INSERT INTO scene( id, title, global_action, time_start, time_end, estimated_time, filmset_id, film_id, status, ordre, author_id ) VALUES ( 5, 'Rendez-vous surprise', 'Sungjae a ete par son frere de bien s''habille et son frere le traine en ville, son frere a organise un rendez vous avec Joy et ca devient genant', '01:05:00', '01:12:00', '01:00:00', 1, 1, 1,5,2 ); 
INSERT INTO scene( id, title, global_action, time_start, time_end, estimated_time, filmset_id, film_id, status, ordre, author_id ) VALUES ( 6, 'Declaration', 'Sungjae avoue a Joy qu''il l''aime, dans le cafe', '01:20:00', '01:24:00', '02:00:00', 3, 1, 1,6,2 ); 
INSERT INTO scene( id, title, global_action, time_start, time_end, estimated_time, filmset_id, film_id, status, ordre, author_id ) VALUES ( 7, 'Joy et Sungjae dans la rue', 'Joy et Sungjae sont dans la rue et ils discutent', '01:25:00', '01:30:00', '02:00:00', 1, 1, 1,7,2 ); 
INSERT INTO scene( id, title, global_action, time_start, time_end, estimated_time, filmset_id, film_id, status, ordre, author_id ) VALUES ( 8, 'Sungjae et son ex se disputent', 'Sungjae et son ex se disputent pendant que Joy les espionnent de loin', '00:30:00', '00:37:00', '02:00:00', 3, 1, 1,8,3 ); 
INSERT INTO scene( id, title, global_action, time_start, time_end, estimated_time, filmset_id, film_id, status, ordre, author_id ) VALUES ( 9, 'Joy et Crush discutent dans la chambre', 'Joy et crush parle de Sungjae, que Joy apprecie secretement', '00:40:00', '00:45:00', '02:00:00', 4, 1, 1,9 ,3); 
--new
INSERT INTO scene( id, title, global_action, time_start, time_end, estimated_time, filmset_id, film_id, status, ordre, author_id ) VALUES ( 10, 'Presentation personnage', 'Premieres scene, presentation du personnage', '00:02:00', '00:05:00', '01:00:00', 2, 1, 1,1,3);
INSERT INTO scene( id, title, global_action, time_start, time_end, estimated_time, filmset_id, film_id, status, ordre, author_id ) VALUES ( 11,'Trajet a l''ecole',  'Sungjae se rend a l''ecole, et il se fait renverser de l''eau sur la route', '00:05:00', '00:08:00', '03:00:00', 1, 1, 1,2 ,3);
INSERT INTO scene( id, title, global_action, time_start, time_end, estimated_time, filmset_id, film_id, status, ordre, author_id ) VALUES ( 12,'En retard', 'Sungjae se fait gronder parce qu''il etait en retard, et a croise Joy qui etait en retard avec lui', '00:08:00', '00:10:00', '02:00:00', 6, 1, 1,9 ,3);
INSERT INTO scene( id, title, global_action, time_start, time_end, estimated_time, filmset_id, film_id, status, ordre, author_id ) VALUES ( 13, 'Rencontre desagreable','Sungjae recroise son ex et la voie et il la suit dehors Pendant que Joy les suit', '00:24:00', '00:26:00', '02:00:00', 4, 1, 1,5 ,1);
INSERT INTO scene( id, title, global_action, time_start, time_end, estimated_time, filmset_id, film_id, status, ordre, author_id ) VALUES ( 14,'Sentiment malaisant', 'Joy n''arretait pas de penser a Sungjae, et decide de l''eviter durant toute la journee, elle est devenu bizzare', '00:37:00', '00:40:00', '04:00:00', 6, 1, 1,9 ,1);
INSERT INTO scene( id, title, global_action, time_start, time_end, estimated_time, filmset_id, film_id, status, ordre, author_id ) VALUES ( 15,'Folie passagere', 'Joy va aller voir une diseuse de bonne aventure et va s''attirer les foudre divines', '00:37:00', '00:40:00', '05:00:00', 3, 1, 1,15,1);
INSERT INTO scene( id, title, global_action, time_start, time_end, estimated_time, filmset_id, film_id, status, ordre, author_id ) VALUES ( 16,'Discussion entre ami', 'Crush discutent de la relation de Sungjae et de Joy avec Peniel', '00:45:00', '00:47:00', '02:00:00', 3, 1, 1,12,2);
INSERT INTO scene( id, title, global_action, time_start, time_end, estimated_time, filmset_id, film_id, status, ordre, author_id ) VALUES ( 17,'Travail de concert', 'Sungjae travail comme vendeur de boisson a un concert pour avoir un peu d''argent en plus et croise son ex', '00:47:00', '00:50:00', '03:00:00', 5, 1, 1,5 ,2);

INSERT INTO scene( id, title, global_action, time_start, time_end, estimated_time, filmset_id, film_id, status, ordre , author_id) VALUES 
( 18, 'Arrivee d''un nouveau', 'Lors de la rentree s6 un nouveau eleve entre dans la salle', '00:10:00', '00:15:00', '02:00:00', 7, 2, 3,1,1); 
INSERT INTO scene( id, title, global_action, time_start, time_end, estimated_time, filmset_id, film_id, status, ordre , author_id) VALUES 
( 19, 'Discussion sujet', 'Apres que mr Tahina donne un nouveau sujet , les etudiants en discutent tous en mangeant', '00:10:00', '00:15:00', '02:00:00', 10, 2, 3,2,1 ); 
INSERT INTO scene( id, title, global_action, time_start, time_end, estimated_time, filmset_id, film_id, status, ordre , author_id) VALUES 
( 20, 'Projet', 'Le groupe 1 discute de quoi faire sur le projet de Mme Baovola', '00:10:00', '00:15:00', '02:00:00', 7,2, 3,3,1 ); 
INSERT INTO scene( id, title, global_action, time_start, time_end, estimated_time, filmset_id, film_id, status, ordre , author_id) VALUES 
( 21, 'Envie pressante', '6 filles de la s6 vont aux toilletes', '00:10:00', '00:15:00', '02:00:00', 8, 2, 3,4,1 ); 
INSERT INTO scene( id, title, global_action, time_start, time_end, estimated_time, filmset_id, film_id, status, ordre , author_id) VALUES 
( 22, 'Payement des frais de scolarite', 'Un etudiant paye ses frais de scolarite chez Mme Laingo', '00:10:00', '00:15:00', '02:00:00', 9, 2, 3,5,1 ); 




INSERT INTO dialogue( id, scene_id, character_id, texte, action ) VALUES ( 1, 1, 1, 'Les papillons sont vraiment magnifiques aujourd''hui. Regardez-les virevolter autour de moi', 'soupirant' ); 
INSERT INTO dialogue( id, scene_id, character_id, texte, action ) VALUES ( 2, 1, 6, 'Oui, ils sont vraiment jolis. Vous avez l''air d''etre dans vos pensees', 's''approchant' ); 
INSERT INTO dialogue( id, scene_id, character_id, texte, action ) VALUES ( 3, 1, 1, 'Oui, je me souviens d''une relation qui etait aussi belle et fragile que ces papillons. Mais maintenant, elle est terminee.', 'en souriant tristement' ); 
INSERT INTO dialogue( id, scene_id, character_id, texte, action ) VALUES ( 4, 1, 6, 'Je suis desole d''entendre a. Comment allez-vous maintenant ?', '' ); 
INSERT INTO dialogue( id, scene_id, character_id, texte, action ) VALUES ( 5, 1, 1, 'Je suis determine retrouver l''amour, quoi qu''il en coute. Je sais que cela ne sera pas facile, mais je suis prt  faire tout ce qui est en mon pouvoir pour trouver la bonne personne.', 'determine' ); 
INSERT INTO dialogue( id, scene_id, character_id, texte, action ) VALUES ( 6, 1, 6, 'C''est une belle attitude. Je suis sur que vous trouverez quelqu''un qui vous convient parfaitement. Parfois, il faut juste etre patient et continuer a chercher.', 'en souriant' ); 
INSERT INTO dialogue( id, scene_id, character_id, texte, action ) VALUES ( 7, 1, 1, 'Merci pour vos mots encourageants', 'en souriant' ); 
INSERT INTO dialogue( id, scene_id, character_id, texte, action ) VALUES ( 8, 1, 6, 'Bonne chance dans votre recherche, et n''oubliez pas de profiter de la beaute qui vous entoure, meme lorsque les choses sont difficiles', 'en souriant' ); 
INSERT INTO dialogue( id, scene_id, character_id, texte, action ) VALUES ( 9, 1, 1, 'Merci. Je vais essayer de garder cela a l''esprit. Bonne journee a vous', 'en se levant' ); 
INSERT INTO dialogue( id, scene_id, character_id, texte, action ) VALUES ( 10, 1, 6, 'Bonne journee a vous aussi', 'en souriant' ); 
INSERT INTO dialogue( id, scene_id, character_id, texte, action ) VALUES ( 11, 2, 1, 'Ces photos me rappellent tellement de souvenirs avec elle', 'soupirant' ); 
INSERT INTO dialogue( id, scene_id, character_id, texte, action ) VALUES ( 12, 2, 1, 'C''est mon ami qui m''appelle.', 'regardant son telephone' ); 
INSERT INTO dialogue( id, scene_id, character_id, texte, action ) VALUES ( 13, 2, 5, 'Viens on sors ce soir,cela te fera du bien de sortir un peu', 'en voix off' ); 
INSERT INTO dialogue( id, scene_id, character_id, texte, action ) VALUES ( 14, 2, 1, 'Je ne sais pas si je devrais y aller. Je ne suis pas sur d''etre pret a voir d''autres couples heureux ensemble', 'hesitant' ); 
INSERT INTO dialogue( id, scene_id, character_id, texte, action ) VALUES ( 15, 2, 5, 'Tu ne pas rester enferme chez toi eternellement, Sungjae. Il est temps de te changer les idees et de voir de nouveaux visages.', 'en voix off' ); 
INSERT INTO dialogue( id, scene_id, character_id, texte, action ) VALUES ( 16, 2, 1, 'D''accord, j''accepte l''invitation. Mais je ne promets rien', 'en soupirant' ); 
INSERT INTO dialogue( id, scene_id, character_id, texte, action ) VALUES ( 17, 3, 1, 'Regardez-les tous, s''amuser, rire, danser ensemble. a me rappelle tellement de souvenirs, des moments ou j''etais moi aussi heureux comme eux, en train de danser avec elle.', 'regardant la foule avec tristesse' ); 
INSERT INTO dialogue( id, scene_id, character_id, texte, action ) VALUES ( 18, 3, 1, 'Regardez-les tous, s''amuser, rire, danser ensemble. a me rappelle tellement de souvenirs, des moments ou j''etais moi aussi heureux comme eux, en train de danser avec elle', 'soupirant' ); 
INSERT INTO dialogue( id, scene_id, character_id, texte, action ) VALUES ( 19, 4, 1, '', 'Sungjae essaie d''ouvrir la porte' ); 
INSERT INTO dialogue( id, scene_id, character_id, texte, action ) VALUES ( 20, 4, 2, 'Tu vois bien que c''est inutile, nous sommes coincs', 'soupirant, avec un air blase' ); 
INSERT INTO dialogue( id, scene_id, character_id, texte, action ) VALUES ( 21, 4, 1, 'c''est toujours mieux que de ne rien faire', 'continue de donner des coups  la porte' ); 
INSERT INTO dialogue( id, scene_id, character_id, texte, action ) VALUES ( 22, 4, 2, 'Laisse moi faire alors', 'se deplace viens Sungjae et essaie d''ouvrir la porte grace a sa broche, puis la porte fini par s''ouvrir  ' ); 
INSERT INTO dialogue( id, scene_id, character_id, texte, action ) VALUES ( 23, 4, 1, 'impressionnant!, je te laisse, je suis un peu presse', 'Sungjae sort avec elle et il lui fait un signe de tte' ); 
INSERT INTO dialogue( id, scene_id, character_id, texte, action ) VALUES ( 24, 5, 1, 'Pourquoi tu m''as force a sortir et a m''habiller comme ca', 'se fait trainer par son frere, avec un air ennuye' ); 
INSERT INTO dialogue( id, scene_id, character_id, texte, action ) VALUES ( 25, 5, 5, 'Parce que j''ai une surprise pour toi je t''ai dit', 'tire Sungjae' ); 
INSERT INTO dialogue( id, scene_id, character_id, texte, action ) VALUES ( 26, 5, 1, 'Ca fait des heures qu''on marche', 'rale de plus en plus' ); 
INSERT INTO dialogue( id, scene_id, character_id, texte, action ) VALUES ( 27, 5, 5, 'Arrete de raler, tu vas adorer ma surprise', 'Continue de tirer Sungjae' ); 
INSERT INTO dialogue( id, scene_id, character_id, texte, action ) VALUES ( 28, 5, 1, 'euh, Joy!', 'Sungjae est etonne' ); 
INSERT INTO dialogue( id, scene_id, character_id, texte, action ) VALUES ( 29, 5, 2, 'Bonsoir Sungjae', 'Elle est joliment habille et le sourit' ); 
INSERT INTO dialogue( id, scene_id, character_id, texte, action ) VALUES ( 30, 5, 5, 'Alors je vous laisse', 'Peniel s''en va et Sungjae rougit' ); 
INSERT INTO dialogue( id, scene_id, character_id, texte, action ) VALUES ( 31, 6, 1, 'J''ai quelque chose a te dire', 'Sungjae regarde Joy dans les yeux' ); 
INSERT INTO dialogue( id, scene_id, character_id, texte, action ) VALUES ( 32, 6, 2, 'Oui?', 'Joy curieuse' ); 
INSERT INTO dialogue( id, scene_id, character_id, texte, action ) VALUES ( 33, 6, 1, 'Je t''aime', '' ); 
INSERT INTO dialogue( id, scene_id, character_id, texte, action ) VALUES ( 34, 6, 2, 'Moi aussi, fondons une entreprise et marions nous', 'Joy serieuse' ); 
INSERT INTO dialogue( id, scene_id, character_id, texte, action ) VALUES ( 35, 6, 1, 'Je suis d''accord', 'Sungjae hoche la tete' ); 
INSERT INTO dialogue( id, scene_id, character_id, texte, action ) VALUES ( 36, 7, 1, 'Je suis content que tu m''aies dit que tu m''aimais', 'Sungjae sourit' ); 
INSERT INTO dialogue( id, scene_id, character_id, texte, action ) VALUES ( 37, 7, 2, 'Moi aussi, je suis contente que tu m''aies dit que tu m''aimais', 'Joy sourit' ); 
INSERT INTO dialogue( id, scene_id, character_id, texte, action ) VALUES ( 38, 7, 1, 'Tu es la femme de ma vie', 'Sungjae sourit' ); 
INSERT INTO dialogue( id, scene_id, character_id, texte, action ) VALUES ( 39, 7, 2, 'Moi aussi, tu es l''homme de ma vie', 'Joy sourit' ); 
INSERT INTO dialogue( id, scene_id, character_id, texte, action ) VALUES ( 40, 7, 1, 'Je t''aime', 'Sungjae sourit' ); 
INSERT INTO dialogue( id, scene_id, character_id, texte, action ) VALUES ( 41, 7, 2, 'Je t''aime aussi', 'Joy sourit' ); 
INSERT INTO dialogue( id, scene_id, character_id, texte, action ) VALUES ( 42, 8, 1, 'Tu aimes vraiment ce mec tout nul?', 'Sungjae a la voix dure' ); 
INSERT INTO dialogue( id, scene_id, character_id, texte, action ) VALUES ( 43, 8, 3, 'Oui, je l''aime', 'Son ex a la voix tremblante' ); 
INSERT INTO dialogue( id, scene_id, character_id, texte, action ) VALUES ( 44, 8, 1, 'Tu es folle', 'Sungjae a la voix dure' ); 
INSERT INTO dialogue( id, scene_id, character_id, texte, action ) VALUES ( 45, 8, 3, 'Non, je ne suis pas folle, je l''aime vraiment', 'Son ex a la voix tremblante' ); 
INSERT INTO dialogue( id, scene_id, character_id, texte, action ) VALUES ( 46, 8, 1, 'Tu es folle, tu ne peux pas aimer un mec comme lui', 'Sungjae a la voix dure' ); 
INSERT INTO dialogue( id, scene_id, character_id, texte, action ) VALUES ( 47, 8, 3, 'Je l''aime vraiment', 'Son ex a la voix tremblante' ); 
INSERT INTO dialogue( id, scene_id, character_id, texte, action ) VALUES ( 48, 8, 1, 'Tu es folle', 'Sungjae a la voix dure' ); 
INSERT INTO dialogue( id, scene_id, character_id, texte, action ) VALUES ( 49, 8, 3, 'Je l''aime vraiment', 'Son ex a la voix tremblante' ); 
INSERT INTO dialogue( id, scene_id, character_id, texte, action ) VALUES ( 50, 9, 2, 'Tu es amoureuse de Sungjae?', 'Joy est surprise' ); 
INSERT INTO dialogue( id, scene_id, character_id, texte, action ) VALUES ( 51, 9, 4, 'Oui, je l''aime beaucoup', 'crush sourit' ); 
INSERT INTO dialogue( id, scene_id, character_id, texte, action ) VALUES ( 52, 9, 2, 'Tu es folle', 'Joy est surprise' ); 
INSERT INTO dialogue( id, scene_id, character_id, texte, action ) VALUES ( 53, 9, 4, 'Non, je ne suis pas folle, je l''aime vraiment', 'crush sourit' ); 
INSERT INTO dialogue( id, scene_id, character_id, texte, action ) VALUES ( 54, 9, 2, 'Tu es folle, tu ne peux pas aimer un mec comme lui', 'Joy est surprise' ); 
INSERT INTO dialogue( id, scene_id, character_id, texte, action ) VALUES ( 55, 9, 4, 'Je l''aime vraiment', 'crush sourit' ); 
INSERT INTO dialogue( id, scene_id, character_id, texte, action ) VALUES ( 56, 9, 2, 'Tu es folle', 'Joy est surprise' ); 
INSERT INTO dialogue( id, scene_id, character_id, texte, action ) VALUES ( 57, 9, 4, 'Je l''aime vraiment', 'crush sourit' );

--INSERT INTO planning( id, scene_id, date_debut, date_fin ) VALUES ( 1, 1, '2023-03-02 08:00:00', '2023-03-10 00:00:00' ); 

INSERT INTO holiday (id, date, name)
VALUES 
(1, '2023-01-01', 'Nouvel An'),
(2, '2023-04-17', 'Lundi de Pques'),
(3, '2023-05-01', 'Fte du travail'),
(4, '2023-05-08', 'Victoire 1945'),
(5, '2023-05-25', 'Ascension'),
(6, '2023-06-05', 'Lundi de Pentecte'),
(7, '2023-07-14', 'Fte nationale'),
(8, '2023-08-15', 'Assomption'),
(9, '2023-11-01', 'Toussaint'),
(10, '2023-11-11', 'Armistice 1918'),
(11, '2023-12-25', 'Nol');

UPDATE scene SET status=3 WHERE id IN (7,1,5,11,2,3,10,16);
UPDATE scene SET status=2 WHERE status<3;

ALTER SEQUENCE actor_id_seq START WITH 7;
ALTER SEQUENCE actor_id_seq1 RESTART WITH 7;
ALTER SEQUENCE character_id_seq RESTART WITH 7;
ALTER SEQUENCE dialogue_id_seq RESTART WITH 88;
ALTER SEQUENCE film_id_seq RESTART WITH 3;
ALTER SEQUENCE filmset_id_seq RESTART WITH 7;
ALTER SEQUENCE planning_id_seq RESTART WITH 2;
ALTER SEQUENCE scene_id_seq RESTART WITH 10;
ALTER SEQUENCE filmset_unavailable_id_seq RESTART WITH 17;
ALTER SEQUENCE holiday_id_seq RESTART WITH 12;
ALTER SEQUENCE actor_unavailable_id_seq RESTART WITH 7;
ALTER SEQUENCE author_id_seq RESTART WITH 4;


--view
CREATE or REPLACE view v_top_planning as
	select filmset.*
	from filmset 
	join scene on scene.filmset_id=filmset.id ;

CREATE or REPLACE view v_planning as 
	select planning.*,name,type_id,x,y,title,global_action,time_start,time_end,estimated_time,filmset_id,film_id,status
	from scene join filmset on scene.filmset_id=filmset.id 
	join planning on scene.id=planning.scene_id;

CREATE OR REPLACE view v_actor_scene as 
	select scene.*,character_id,actor_id 
	from scene 
	join dialogue on scene.id=dialogue.scene_id 
	join character on dialogue.character_id=character.id 
	join actor on character.actor_id=actor.id;

CREATE OR REPLACE VIEW v_scene_actor as
	SELECT s.id as scene_id, c.id as actor_id
	from scene s, dialogue d, character c
	where s.id = d.scene_id and c.id = d.character_id;

--view
	--scene_status non necessaire avec le status deja dans la table scene
/* CREATE OR REPLACE VIEW scene_status AS (
    SELECT
    Scene.*
    FROM scene
    WHERE Scene.id not in (select scene_id FROM planning)
    UNION    
    SELECT DISTINCT
    Scene.*
    FROM Scene
    join Planning on
    Scene.id = Planning.scene_id
); */
